date,land,date,iso_code,confirmed_change,confirmed,confirmed_active_cases,confirmed_change_per_100k,confirmed_change_pct_3w,confirmed_doubling_days_3w_avg3,dead_change,dead,dead_change_per_100k,dead_doubling_days
2020-03-18,Hesse,2020-03-18,HE,,432,,,,,,0,,0.0
2020-03-19,Hesse,2020-03-19,HE,250.0,682,,3.99,,,0.0,0,0.0,0.0
2020-03-20,Hesse,2020-03-20,HE,131.0,813,,2.091,,0.0,1.0,1,0.016,0.0
2020-03-21,Hesse,2020-03-21,HE,267.0,1080,,4.261,,0.0,1.0,2,0.016,1.0
2020-03-22,Hesse,2020-03-22,HE,95.0,1175,,1.516,,0.0,0.0,2,0.0,100.0
2020-03-23,Hesse,2020-03-23,HE,172.0,1347,,2.745,,0.0,1.0,3,0.016,1.71
2020-03-24,Hesse,2020-03-24,HE,273.0,1620,,4.357,,0.0,1.0,4,0.016,2.409
2020-03-25,Hesse,2020-03-25,HE,134.0,1754,,2.139,,0.0,-4.0,0,-0.064,0.0
2020-03-26,Hesse,2020-03-26,HE,403.0,2157,,6.432,,0.0,6.0,6,0.096,0.0
2020-03-27,Hesse,2020-03-27,HE,166.0,2323,,2.649,,0.0,1.0,7,0.016,4.497
2020-03-28,Hesse,2020-03-28,HE,281.0,2604,,4.485,,0.0,2.0,9,0.032,2.758
2020-03-29,Hesse,2020-03-29,HE,1.0,2605,,0.016,,0.0,0.0,9,0.0,100.0
2020-03-30,Hesse,2020-03-30,HE,486.0,3091,2659.0,7.756,,0.0,4.0,13,0.064,1.885
2020-03-31,Hesse,2020-03-31,HE,192.0,3283,2601.0,3.064,,0.0,4.0,17,0.064,2.584
2020-04-01,Hesse,2020-04-01,HE,162.0,3445,2632.0,2.585,,0.0,4.0,21,0.064,3.28
2020-04-02,Hesse,2020-04-02,HE,262.0,3707,2627.0,4.181,,0.0,6.0,27,0.096,2.758
2020-04-03,Hesse,2020-04-03,HE,286.0,3993,2818.0,4.564,,0.0,6.0,33,0.096,3.454
2020-04-04,Hesse,2020-04-04,HE,286.0,4279,2932.0,4.564,,0.0,9.0,42,0.144,2.874
2020-04-05,Hesse,2020-04-05,HE,296.0,4575,2955.0,4.724,,0.0,14.0,56,0.223,2.409
2020-04-06,Hesse,2020-04-06,HE,99.0,4674,2920.0,1.58,,0.0,5.0,61,0.08,8.105
2020-04-07,Hesse,2020-04-07,HE,163.0,4837,2680.0,2.601,,0.0,12.0,73,0.192,3.86
2020-04-08,Hesse,2020-04-08,HE,128.0,4965,2642.0,2.043,,0.0,11.0,84,0.176,4.938
2020-04-09,Hesse,2020-04-09,HE,277.0,5242,2638.0,4.421,0.061,3.0,16.0,100,0.255,3.976
2020-04-10,Hesse,2020-04-10,HE,452.0,5694,3089.0,7.214,0.099,8.0,11.0,111,0.176,6.642
2020-04-11,Hesse,2020-04-11,HE,114.0,5808,2717.0,1.819,0.023,14.0,9.0,120,0.144,8.891
2020-04-12,Hesse,2020-04-12,HE,51.0,5859,2576.0,0.814,0.011,33.0,3.0,123,0.048,28.071
2020-04-13,Hesse,2020-04-13,HE,255.0,6114,2669.0,4.07,0.054,43.0,12.0,135,0.192,7.446
2020-04-14,Hesse,2020-04-14,HE,69.0,6183,2476.0,1.101,0.014,35.0,12.0,147,0.192,8.14
2020-04-15,Hesse,2020-04-15,HE,164.0,6347,2354.0,2.617,0.036,32.0,26.0,173,0.415,4.256
2020-04-16,Hesse,2020-04-16,HE,123.0,6470,2191.0,1.963,0.027,28.0,14.0,187,0.223,8.907
2020-04-17,Hesse,2020-04-17,HE,235.0,6705,2130.0,3.751,0.054,21.0,10.0,197,0.16,13.305
2020-04-18,Hesse,2020-04-18,HE,211.0,6916,2242.0,3.367,0.048,17.0,15.0,212,0.239,9.446
2020-04-19,Hesse,2020-04-19,HE,192.0,7108,2271.0,3.064,0.045,15.0,18.0,230,0.287,8.506
2020-04-20,Hesse,2020-04-20,HE,69.0,7177,2212.0,1.101,0.015,23.0,10.0,240,0.16,16.286
2020-04-21,Hesse,2020-04-21,HE,54.0,7231,1989.0,0.862,0.013,40.0,11.0,251,0.176,15.467
2020-04-22,Hesse,2020-04-22,HE,149.0,7380,1686.0,2.378,0.038,42.0,14.0,265,0.223,12.771
2020-04-23,Hesse,2020-04-23,HE,213.0,7593,1785.0,3.399,0.054,26.0,21.0,286,0.335,9.089
2020-04-24,Hesse,2020-04-24,HE,119.0,7712,1853.0,1.899,0.031,17.0,10.0,296,0.16,20.169
2020-04-25,Hesse,2020-04-25,HE,125.0,7837,1723.0,1.995,0.034,20.0,9.0,305,0.144,23.142
2020-04-26,Hesse,2020-04-26,HE,109.0,7946,1763.0,1.74,0.031,22.0,10.0,315,0.16,21.486
2020-04-27,Hesse,2020-04-27,HE,33.0,7979,1632.0,0.527,0.01,35.0,5.0,320,0.08,44.014
2020-04-28,Hesse,2020-04-28,HE,47.0,8026,1556.0,0.75,0.014,54.0,13.0,333,0.207,17.406
2020-04-29,Hesse,2020-04-29,HE,158.0,8184,1479.0,2.522,0.05,46.0,13.0,346,0.207,18.1
2020-04-30,Hesse,2020-04-30,HE,120.0,8304,1388.0,1.915,0.037,24.0,7.0,353,0.112,34.607
2020-05-01,Hesse,2020-05-01,HE,72.0,8376,1268.0,1.149,0.024,21.0,7.0,360,0.112,35.3
2020-05-02,Hesse,2020-05-02,HE,110.0,8486,1309.0,1.756,0.041,24.0,4.0,364,0.064,62.729
2020-05-03,Hesse,2020-05-03,HE,38.0,8524,1293.0,0.606,0.014,28.0,6.0,370,0.096,42.397
2020-05-04,Hesse,2020-05-04,HE,25.0,8549,1169.0,0.399,0.009,47.0,2.0,372,0.032,100.0
2020-05-05,Hesse,2020-05-05,HE,36.0,8585,992.0,0.575,0.015,61.0,9.0,381,0.144,28.995
2020-05-06,Hesse,2020-05-06,HE,57.0,8642,930.0,0.91,0.024,50.0,5.0,386,0.08,53.164
2020-05-07,Hesse,2020-05-07,HE,94.0,8736,899.0,1.5,0.041,31.0,10.0,396,0.16,27.101
2020-05-08,Hesse,2020-05-08,HE,114.0,8850,904.0,1.819,0.05,20.0,7.0,403,0.112,39.558
2020-05-09,Hesse,2020-05-09,HE,66.0,8916,937.0,1.053,0.031,17.0,5.0,408,0.08,56.214
2020-05-10,Hesse,2020-05-10,HE,82.0,8998,972.0,1.309,0.041,19.0,3.0,411,0.048,94.614
2020-05-11,Hesse,2020-05-11,HE,14.0,9012,828.0,0.223,0.007,38.0,1.0,412,0.016,100.0
2020-05-12,Hesse,2020-05-12,HE,19.0,9031,727.0,0.303,0.01,68.0,3.0,415,0.048,95.538
2020-05-13,Hesse,2020-05-13,HE,56.0,9087,711.0,0.894,0.031,63.0,4.0,419,0.064,72.26
2020-05-14,Hesse,2020-05-14,HE,82.0,9169,683.0,1.309,0.048,32.0,4.0,423,0.064,72.953
2020-05-15,Hesse,2020-05-15,HE,35.0,9204,680.0,0.559,0.022,21.0,6.0,429,0.096,49.213
2020-05-16,Hesse,2020-05-16,HE,57.0,9261,712.0,0.91,0.038,24.0,3.0,432,0.048,99.466
2020-05-17,Hesse,2020-05-17,HE,56.0,9317,732.0,0.894,0.039,22.0,3.0,435,0.048,100.0
2020-03-18,Schleswig-Holstein,2020-03-18,SH,,159,,,,,,0,,0.0
2020-03-19,Schleswig-Holstein,2020-03-19,SH,43.0,202,,1.484,,,0.0,0,0.0,0.0
2020-03-20,Schleswig-Holstein,2020-03-20,SH,64.0,266,,2.209,,0.0,1.0,1,0.035,0.0
2020-03-21,Schleswig-Holstein,2020-03-21,SH,42.0,308,,1.45,,0.0,0.0,1,0.0,100.0
2020-03-22,Schleswig-Holstein,2020-03-22,SH,39.0,347,,1.346,,0.0,0.0,1,0.0,100.0
2020-03-23,Schleswig-Holstein,2020-03-23,SH,36.0,383,,1.243,,0.0,0.0,1,0.0,100.0
2020-03-24,Schleswig-Holstein,2020-03-24,SH,95.0,478,,3.28,,0.0,1.0,2,0.035,1.0
2020-03-25,Schleswig-Holstein,2020-03-25,SH,99.0,577,,3.418,,0.0,-2.0,0,-0.069,0.0
2020-03-26,Schleswig-Holstein,2020-03-26,SH,98.0,675,,3.383,,0.0,3.0,3,0.104,0.0
2020-03-27,Schleswig-Holstein,2020-03-27,SH,137.0,812,,4.73,,0.0,1.0,4,0.035,2.409
2020-03-28,Schleswig-Holstein,2020-03-28,SH,103.0,915,,3.556,,0.0,0.0,4,0.0,100.0
2020-03-29,Schleswig-Holstein,2020-03-29,SH,90.0,1005,,3.107,,0.0,2.0,6,0.069,1.71
2020-03-30,Schleswig-Holstein,2020-03-30,SH,44.0,1049,890.0,1.519,,0.0,1.0,7,0.035,4.497
2020-03-31,Schleswig-Holstein,2020-03-31,SH,71.0,1120,918.0,2.451,,0.0,2.0,9,0.069,2.758
2020-04-01,Schleswig-Holstein,2020-04-01,SH,126.0,1246,980.0,4.35,,0.0,1.0,10,0.035,6.579
2020-04-02,Schleswig-Holstein,2020-04-02,SH,89.0,1335,1027.0,3.072,,0.0,1.0,11,0.035,7.272
2020-04-03,Schleswig-Holstein,2020-04-03,SH,108.0,1443,1096.0,3.728,,0.0,4.0,15,0.138,2.235
2020-04-04,Schleswig-Holstein,2020-04-04,SH,116.0,1559,1176.0,4.005,,0.0,2.0,17,0.069,5.538
2020-04-05,Schleswig-Holstein,2020-04-05,SH,72.0,1631,1153.0,2.486,,0.0,1.0,18,0.035,12.127
2020-04-06,Schleswig-Holstein,2020-04-06,SH,40.0,1671,1094.0,1.381,,0.0,2.0,20,0.069,6.579
2020-04-07,Schleswig-Holstein,2020-04-07,SH,59.0,1730,1055.0,2.037,,0.0,4.0,24,0.138,3.802
2020-04-08,Schleswig-Holstein,2020-04-08,SH,97.0,1827,1015.0,3.349,,0.0,4.0,28,0.138,4.497
2020-04-09,Schleswig-Holstein,2020-04-09,SH,105.0,1932,1017.0,3.625,0.063,3.0,6.0,34,0.207,3.57
2020-04-10,Schleswig-Holstein,2020-04-10,SH,97.0,2029,1024.0,3.349,0.056,9.0,4.0,38,0.138,6.232
2020-04-11,Schleswig-Holstein,2020-04-11,SH,36.0,2065,1016.0,1.243,0.02,18.0,1.0,39,0.035,26.685
2020-04-12,Schleswig-Holstein,2020-04-12,SH,53.0,2118,998.0,1.83,0.03,26.0,2.0,41,0.069,13.86
2020-04-13,Schleswig-Holstein,2020-04-13,SH,16.0,2134,888.0,0.552,0.009,40.0,3.0,44,0.104,9.816
2020-04-14,Schleswig-Holstein,2020-04-14,SH,30.0,2164,829.0,1.036,0.017,55.0,5.0,49,0.173,6.44
2020-04-15,Schleswig-Holstein,2020-04-15,SH,81.0,2245,802.0,2.796,0.048,43.0,5.0,54,0.173,7.134
2020-04-16,Schleswig-Holstein,2020-04-16,SH,49.0,2294,735.0,1.692,0.029,24.0,1.0,55,0.035,37.776
2020-04-17,Schleswig-Holstein,2020-04-17,SH,55.0,2349,718.0,1.899,0.034,21.0,4.0,59,0.138,9.873
2020-04-18,Schleswig-Holstein,2020-04-18,SH,38.0,2387,716.0,1.312,0.025,23.0,2.0,61,0.069,20.792
2020-04-19,Schleswig-Holstein,2020-04-19,SH,30.0,2417,687.0,1.036,0.02,28.0,1.0,62,0.035,42.628
2020-04-20,Schleswig-Holstein,2020-04-20,SH,9.0,2426,599.0,0.311,0.006,49.0,5.0,67,0.173,8.937
2020-04-21,Schleswig-Holstein,2020-04-21,SH,-12.0,2414,482.0,-0.414,-0.009,59.0,3.0,70,0.104,15.824
2020-04-22,Schleswig-Holstein,2020-04-22,SH,82.0,2496,467.0,2.831,0.063,28.0,9.0,79,0.311,5.731
2020-04-23,Schleswig-Holstein,2020-04-23,SH,34.0,2530,465.0,1.174,0.027,12.0,5.0,84,0.173,11.295
2020-04-24,Schleswig-Holstein,2020-04-24,SH,27.0,2557,439.0,0.932,0.023,23.0,4.0,88,0.138,14.9
2020-04-25,Schleswig-Holstein,2020-04-25,SH,55.0,2612,478.0,1.899,0.049,26.0,7.0,95,0.242,9.056
2020-04-26,Schleswig-Holstein,2020-04-26,SH,18.0,2630,466.0,0.621,0.017,25.0,1.0,96,0.035,66.195
2020-04-27,Schleswig-Holstein,2020-04-27,SH,8.0,2638,393.0,0.276,0.008,46.0,2.0,98,0.069,33.616
2020-04-28,Schleswig-Holstein,2020-04-28,SH,15.0,2653,359.0,0.518,0.016,65.0,3.0,101,0.104,22.988
2020-04-29,Schleswig-Holstein,2020-04-29,SH,26.0,2679,330.0,0.898,0.028,50.0,2.0,103,0.069,35.349
2020-04-30,Schleswig-Holstein,2020-04-30,SH,11.0,2690,303.0,0.38,0.013,37.0,3.0,106,0.104,24.143
2020-05-01,Schleswig-Holstein,2020-05-01,SH,24.0,2714,297.0,0.829,0.032,39.0,4.0,110,0.138,18.713
2020-05-02,Schleswig-Holstein,2020-05-02,SH,14.0,2728,302.0,0.483,0.02,33.0,2.0,112,0.069,38.469
2020-05-03,Schleswig-Holstein,2020-05-03,SH,10.0,2738,324.0,0.345,0.015,34.0,1.0,113,0.035,77.978
2020-05-04,Schleswig-Holstein,2020-05-04,SH,50.0,2788,292.0,1.726,0.081,34.0,0.0,113,0.0,100.0
2020-05-05,Schleswig-Holstein,2020-05-05,SH,11.0,2799,269.0,0.38,0.017,26.0,5.0,118,0.173,16.009
2020-05-06,Schleswig-Holstein,2020-05-06,SH,16.0,2815,258.0,0.552,0.025,30.0,1.0,119,0.035,82.138
2020-05-07,Schleswig-Holstein,2020-05-07,SH,19.0,2834,222.0,0.656,0.033,30.0,1.0,120,0.035,82.831
2020-05-08,Schleswig-Holstein,2020-05-08,SH,26.0,2860,230.0,0.898,0.048,21.0,2.0,122,0.069,41.934
2020-05-09,Schleswig-Holstein,2020-05-09,SH,38.0,2898,260.0,1.312,0.074,15.0,0.0,122,0.0,100.0
2020-05-10,Schleswig-Holstein,2020-05-10,SH,40.0,2938,285.0,1.381,0.078,11.0,1.0,123,0.035,84.91
2020-05-11,Schleswig-Holstein,2020-05-11,SH,19.0,2957,278.0,0.656,0.036,12.0,1.0,124,0.035,85.603
2020-05-12,Schleswig-Holstein,2020-05-12,SH,-1.0,2956,266.0,-0.035,-0.002,12.0,1.0,125,0.035,86.296
2020-05-13,Schleswig-Holstein,2020-05-13,SH,16.0,2972,258.0,0.552,0.03,11.0,0.0,125,0.0,100.0
2020-05-14,Schleswig-Holstein,2020-05-14,SH,10.0,2982,254.0,0.345,0.021,20.0,0.0,125,0.0,100.0
2020-05-15,Schleswig-Holstein,2020-05-15,SH,6.0,2988,250.0,0.207,0.013,36.0,1.0,126,0.035,86.99
2020-05-16,Schleswig-Holstein,2020-05-16,SH,10.0,2998,210.0,0.345,0.023,42.0,0.0,126,0.0,100.0
2020-05-17,Schleswig-Holstein,2020-05-17,SH,2.0,3000,201.0,0.069,0.005,53.0,0.0,126,0.0,100.0
2020-03-18,Saxony-Anhalt,2020-03-18,ST,,105,,,,,,0,,0.0
2020-03-19,Saxony-Anhalt,2020-03-19,ST,35.0,140,,1.585,,,0.0,0,0.0,0.0
2020-03-20,Saxony-Anhalt,2020-03-20,ST,40.0,180,,1.811,,0.0,0.0,0,0.0,0.0
2020-03-21,Saxony-Anhalt,2020-03-21,ST,8.0,188,,0.362,,0.0,1.0,1,0.045,0.0
2020-03-22,Saxony-Anhalt,2020-03-22,ST,23.0,211,,1.042,,0.0,-1.0,0,-0.045,0.0
2020-03-23,Saxony-Anhalt,2020-03-23,ST,1.0,212,,0.045,,0.0,0.0,0,0.0,0.0
2020-03-24,Saxony-Anhalt,2020-03-24,ST,109.0,321,,4.936,,0.0,0.0,0,0.0,0.0
2020-03-25,Saxony-Anhalt,2020-03-25,ST,54.0,375,,2.445,,0.0,0.0,0,0.0,0.0
2020-03-26,Saxony-Anhalt,2020-03-26,ST,43.0,418,,1.947,,0.0,1.0,1,0.045,0.0
2020-03-27,Saxony-Anhalt,2020-03-27,ST,40.0,458,,1.811,,0.0,1.0,2,0.045,1.0
2020-03-28,Saxony-Anhalt,2020-03-28,ST,0.0,458,,0.0,,0.0,0.0,2,0.0,100.0
2020-03-29,Saxony-Anhalt,2020-03-29,ST,134.0,592,,6.068,,0.0,0.0,2,0.0,100.0
2020-03-30,Saxony-Anhalt,2020-03-30,ST,0.0,592,487.0,0.0,,0.0,0.0,2,0.0,100.0
2020-03-31,Saxony-Anhalt,2020-03-31,ST,88.0,680,540.0,3.985,,0.0,4.0,6,0.181,0.631
2020-04-01,Saxony-Anhalt,2020-04-01,ST,70.0,750,570.0,3.17,,0.0,1.0,7,0.045,4.497
2020-04-02,Saxony-Anhalt,2020-04-02,ST,54.0,804,616.0,2.445,,0.0,1.0,8,0.045,5.191
2020-04-03,Saxony-Anhalt,2020-04-03,ST,32.0,836,625.0,1.449,,0.0,3.0,11,0.136,2.177
2020-04-04,Saxony-Anhalt,2020-04-04,ST,60.0,896,684.0,2.717,,0.0,0.0,11,0.0,100.0
2020-04-05,Saxony-Anhalt,2020-04-05,ST,23.0,919,598.0,1.042,,0.0,1.0,12,0.045,7.966
2020-04-06,Saxony-Anhalt,2020-04-06,ST,37.0,956,581.0,1.675,,0.0,0.0,12,0.0,100.0
2020-04-07,Saxony-Anhalt,2020-04-07,ST,31.0,987,569.0,1.404,,0.0,0.0,12,0.0,100.0
2020-04-08,Saxony-Anhalt,2020-04-08,ST,33.0,1020,562.0,1.494,,0.0,4.0,16,0.181,2.409
2020-04-09,Saxony-Anhalt,2020-04-09,ST,55.0,1075,617.0,2.491,0.06,3.0,0.0,16,0.0,100.0
2020-04-10,Saxony-Anhalt,2020-04-10,ST,46.0,1121,529.0,2.083,0.049,10.0,2.0,18,0.091,5.885
2020-04-11,Saxony-Anhalt,2020-04-11,ST,14.0,1135,543.0,0.634,0.015,22.0,0.0,18,0.0,100.0
2020-04-12,Saxony-Anhalt,2020-04-12,ST,31.0,1166,486.0,1.404,0.033,32.0,3.0,21,0.136,4.497
2020-04-13,Saxony-Anhalt,2020-04-13,ST,27.0,1193,443.0,1.223,0.028,29.0,3.0,24,0.136,5.191
2020-04-14,Saxony-Anhalt,2020-04-14,ST,14.0,1207,403.0,0.634,0.014,30.0,1.0,25,0.045,16.98
2020-04-15,Saxony-Anhalt,2020-04-15,ST,16.0,1223,387.0,0.725,0.018,40.0,1.0,26,0.045,17.673
2020-04-16,Saxony-Anhalt,2020-04-16,ST,25.0,1248,352.0,1.132,0.029,38.0,0.0,26,0.0,100.0
2020-04-17,Saxony-Anhalt,2020-04-17,ST,31.0,1279,360.0,1.404,0.037,26.0,2.0,28,0.091,9.353
2020-04-18,Saxony-Anhalt,2020-04-18,ST,36.0,1315,359.0,1.63,0.044,19.0,1.0,29,0.045,19.753
2020-04-19,Saxony-Anhalt,2020-04-19,ST,35.0,1350,363.0,1.585,0.041,17.0,1.0,30,0.045,20.446
2020-04-20,Saxony-Anhalt,2020-04-20,ST,19.0,1369,349.0,0.86,0.025,20.0,0.0,30,0.0,100.0
2020-04-21,Saxony-Anhalt,2020-04-21,ST,14.0,1383,308.0,0.634,0.018,28.0,2.0,32,0.091,10.74
2020-04-22,Saxony-Anhalt,2020-04-22,ST,12.0,1395,274.0,0.543,0.017,37.0,1.0,33,0.045,22.526
2020-04-23,Saxony-Anhalt,2020-04-23,ST,30.0,1425,290.0,1.359,0.047,34.0,1.0,34,0.045,23.219
2020-04-24,Saxony-Anhalt,2020-04-24,ST,11.0,1436,270.0,0.498,0.018,28.0,1.0,35,0.045,23.912
2020-04-25,Saxony-Anhalt,2020-04-25,ST,44.0,1480,287.0,1.992,0.073,26.0,0.0,35,0.0,100.0
2020-04-26,Saxony-Anhalt,2020-04-26,ST,14.0,1494,287.0,0.634,0.024,22.0,1.0,36,0.045,24.605
2020-04-27,Saxony-Anhalt,2020-04-27,ST,21.0,1515,292.0,0.951,0.037,22.0,0.0,36,0.0,100.0
2020-04-28,Saxony-Anhalt,2020-04-28,ST,5.0,1520,272.0,0.226,0.009,36.0,3.0,39,0.136,8.66
2020-04-29,Saxony-Anhalt,2020-04-29,ST,5.0,1525,246.0,0.226,0.009,62.0,0.0,39,0.0,100.0
2020-04-30,Saxony-Anhalt,2020-04-30,ST,24.0,1549,234.0,1.087,0.048,60.0,4.0,43,0.181,7.099
2020-05-01,Saxony-Anhalt,2020-05-01,ST,15.0,1564,214.0,0.679,0.032,32.0,1.0,44,0.045,30.151
2020-05-02,Saxony-Anhalt,2020-05-02,ST,7.0,1571,202.0,0.317,0.016,26.0,0.0,44,0.0,100.0
2020-05-03,Saxony-Anhalt,2020-05-03,ST,5.0,1576,193.0,0.226,0.011,43.0,0.0,44,0.0,100.0
2020-05-04,Saxony-Anhalt,2020-05-04,ST,2.0,1578,183.0,0.091,0.005,66.0,1.0,45,0.045,30.844
2020-05-05,Saxony-Anhalt,2020-05-05,ST,7.0,1585,160.0,0.317,0.018,75.0,1.0,46,0.045,31.537
2020-05-06,Saxony-Anhalt,2020-05-06,ST,5.0,1590,154.0,0.226,0.013,57.0,0.0,46,0.0,100.0
2020-05-07,Saxony-Anhalt,2020-05-07,ST,12.0,1602,122.0,0.543,0.033,41.0,2.0,48,0.091,16.286
2020-05-08,Saxony-Anhalt,2020-05-08,ST,13.0,1615,121.0,0.589,0.037,29.0,0.0,48,0.0,100.0
2020-05-09,Saxony-Anhalt,2020-05-09,ST,22.0,1637,122.0,0.996,0.065,18.0,0.0,48,0.0,100.0
2020-05-10,Saxony-Anhalt,2020-05-10,ST,3.0,1640,120.0,0.136,0.009,29.0,0.0,48,0.0,100.0
2020-05-11,Saxony-Anhalt,2020-05-11,ST,3.0,1643,118.0,0.136,0.01,57.0,0.0,48,0.0,100.0
2020-05-12,Saxony-Anhalt,2020-05-12,ST,5.0,1648,99.0,0.226,0.018,62.0,2.0,50,0.091,16.98
2020-05-13,Saxony-Anhalt,2020-05-13,ST,2.0,1650,86.0,0.091,0.008,59.0,2.0,52,0.091,17.673
2020-05-14,Saxony-Anhalt,2020-05-14,ST,6.0,1656,85.0,0.272,0.024,63.0,0.0,52,0.0,100.0
2020-05-15,Saxony-Anhalt,2020-05-15,ST,12.0,1668,92.0,0.543,0.052,41.0,2.0,54,0.091,18.366
2020-05-16,Saxony-Anhalt,2020-05-16,ST,8.0,1676,98.0,0.362,0.034,19.0,0.0,54,0.0,100.0
2020-05-17,Saxony-Anhalt,2020-05-17,ST,0.0,1676,91.0,0.0,0.0,39.0,0.0,54,0.0,100.0
2020-03-18,Saxony,2020-03-18,SN,,198,,,,,,0,,0.0
2020-03-19,Saxony,2020-03-19,SN,77.0,275,,1.888,,,0.0,0,0.0,0.0
2020-03-20,Saxony,2020-03-20,SN,119.0,394,,2.918,,0.0,0.0,0,0.0,0.0
2020-03-21,Saxony,2020-03-21,SN,173.0,567,,4.242,,0.0,0.0,0,0.0,0.0
2020-03-22,Saxony,2020-03-22,SN,39.0,606,,0.956,,0.0,0.0,0,0.0,0.0
2020-03-23,Saxony,2020-03-23,SN,47.0,653,,1.153,,0.0,0.0,0,0.0,0.0
2020-03-24,Saxony,2020-03-24,SN,158.0,811,,3.875,,0.0,1.0,1,0.025,0.0
2020-03-25,Saxony,2020-03-25,SN,148.0,959,,3.629,,0.0,-1.0,0,-0.025,0.0
2020-03-26,Saxony,2020-03-26,SN,182.0,1141,,4.463,,0.0,7.0,7,0.172,0.0
2020-03-27,Saxony,2020-03-27,SN,164.0,1305,,4.022,,0.0,0.0,7,0.0,100.0
2020-03-28,Saxony,2020-03-28,SN,127.0,1432,,3.114,,0.0,2.0,9,0.049,2.758
2020-03-29,Saxony,2020-03-29,SN,185.0,1617,,4.537,,0.0,0.0,9,0.0,100.0
2020-03-30,Saxony,2020-03-30,SN,178.0,1795,1597.0,4.365,,0.0,0.0,9,0.0,100.0
2020-03-31,Saxony,2020-03-31,SN,87.0,1882,1607.0,2.133,,0.0,3.0,12,0.074,2.409
2020-04-01,Saxony,2020-04-01,SN,152.0,2034,1640.0,3.727,,0.0,5.0,17,0.123,1.99
2020-04-02,Saxony,2020-04-02,SN,149.0,2183,1616.0,3.654,,0.0,1.0,18,0.025,12.127
2020-04-03,Saxony,2020-04-03,SN,153.0,2336,1730.0,3.752,,0.0,3.0,21,0.074,4.497
2020-04-04,Saxony,2020-04-04,SN,255.0,2591,1938.0,6.253,,0.0,3.0,24,0.074,5.191
2020-04-05,Saxony,2020-04-05,SN,150.0,2741,1930.0,3.678,,0.0,8.0,32,0.196,2.409
2020-04-06,Saxony,2020-04-06,SN,162.0,2903,1944.0,3.973,,0.0,2.0,34,0.049,11.433
2020-04-07,Saxony,2020-04-07,SN,94.0,2997,1856.0,2.305,,0.0,4.0,38,0.098,6.232
2020-04-08,Saxony,2020-04-08,SN,147.0,3144,1839.0,3.605,,0.0,12.0,50,0.294,2.526
2020-04-09,Saxony,2020-04-09,SN,117.0,3261,1829.0,2.869,0.04,4.0,2.0,52,0.049,17.673
2020-04-10,Saxony,2020-04-10,SN,141.0,3402,1785.0,3.458,0.047,13.0,7.0,59,0.172,5.488
2020-04-11,Saxony,2020-04-11,SN,163.0,3565,1770.0,3.997,0.054,15.0,6.0,65,0.147,7.157
2020-04-12,Saxony,2020-04-12,SN,35.0,3600,1718.0,0.858,0.012,25.0,2.0,67,0.049,22.872
2020-04-13,Saxony,2020-04-13,SN,55.0,3655,1621.0,1.349,0.018,43.0,1.0,68,0.025,46.787
2020-04-14,Saxony,2020-04-14,SN,96.0,3751,1568.0,2.354,0.032,39.0,2.0,70,0.049,23.912
2020-04-15,Saxony,2020-04-15,SN,68.0,3819,1483.0,1.668,0.023,28.0,3.0,73,0.074,16.518
2020-04-16,Saxony,2020-04-16,SN,136.0,3955,1364.0,3.335,0.048,24.0,21.0,94,0.515,2.742
2020-04-17,Saxony,2020-04-17,SN,93.0,4048,1307.0,2.281,0.033,20.0,1.0,95,0.025,65.502
2020-04-18,Saxony,2020-04-18,SN,92.0,4140,1237.0,2.256,0.034,20.0,8.0,103,0.196,8.573
2020-04-19,Saxony,2020-04-19,SN,50.0,4190,1193.0,1.226,0.018,25.0,4.0,107,0.098,18.193
2020-04-20,Saxony,2020-04-20,SN,39.0,4229,1085.0,0.956,0.015,36.0,2.0,109,0.049,37.429
2020-04-21,Saxony,2020-04-21,SN,24.0,4253,992.0,0.589,0.01,50.0,8.0,117,0.196,9.787
2020-04-22,Saxony,2020-04-22,SN,20.0,4273,871.0,0.49,0.008,67.0,5.0,122,0.123,16.564
2020-04-23,Saxony,2020-04-23,SN,54.0,4327,762.0,1.324,0.024,66.0,5.0,127,0.123,17.257
2020-04-24,Saxony,2020-04-24,SN,50.0,4377,777.0,1.226,0.023,43.0,8.0,135,0.196,11.347
2020-04-25,Saxony,2020-04-25,SN,29.0,4406,751.0,0.711,0.014,35.0,6.0,141,0.147,15.94
2020-04-26,Saxony,2020-04-26,SN,22.0,4428,677.0,0.539,0.012,46.0,6.0,147,0.147,16.633
2020-04-27,Saxony,2020-04-27,SN,30.0,4458,639.0,0.736,0.018,51.0,0.0,147,0.0,100.0
2020-04-28,Saxony,2020-04-28,SN,32.0,4490,535.0,0.785,0.021,43.0,1.0,148,0.025,100.0
2020-04-29,Saxony,2020-04-29,SN,19.0,4509,461.0,0.466,0.013,41.0,5.0,153,0.123,20.862
2020-04-30,Saxony,2020-04-30,SN,52.0,4561,421.0,1.275,0.038,41.0,3.0,156,0.074,35.696
2020-05-01,Saxony,2020-05-01,SN,31.0,4592,402.0,0.76,0.024,30.0,6.0,162,0.147,18.366
2020-05-02,Saxony,2020-05-02,SN,25.0,4617,388.0,0.613,0.021,28.0,1.0,163,0.025,100.0
2020-05-03,Saxony,2020-05-03,SN,79.0,4696,443.0,1.937,0.075,26.0,2.0,165,0.049,56.837
2020-05-04,Saxony,2020-05-04,SN,6.0,4702,429.0,0.147,0.005,38.0,2.0,167,0.049,57.53
2020-05-05,Saxony,2020-05-05,SN,43.0,4745,418.0,1.054,0.041,57.0,4.0,171,0.098,29.284
2020-05-06,Saxony,2020-05-06,SN,39.0,4784,407.0,0.956,0.039,38.0,6.0,177,0.147,20.099
2020-05-07,Saxony,2020-05-07,SN,52.0,4836,430.0,1.275,0.054,17.0,4.0,181,0.098,31.017
2020-05-08,Saxony,2020-05-08,SN,3.0,4839,411.0,0.074,0.003,36.0,3.0,184,0.074,42.166
2020-05-09,Saxony,2020-05-09,SN,34.0,4873,415.0,0.834,0.043,57.0,2.0,186,0.049,64.116
2020-05-10,Saxony,2020-05-10,SN,13.0,4886,396.0,0.319,0.018,43.0,1.0,187,0.025,100.0
2020-05-11,Saxony,2020-05-11,SN,29.0,4915,406.0,0.711,0.042,28.0,0.0,187,0.0,100.0
2020-05-12,Saxony,2020-05-12,SN,32.0,4947,386.0,0.785,0.047,22.0,3.0,190,0.074,43.552
2020-05-13,Saxony,2020-05-13,SN,15.0,4962,370.0,0.368,0.022,20.0,1.0,191,0.025,100.0
2020-05-14,Saxony,2020-05-14,SN,69.0,5031,414.0,1.692,0.1,22.0,4.0,195,0.098,33.443
2020-05-15,Saxony,2020-05-15,SN,30.0,5061,365.0,0.736,0.043,16.0,0.0,195,0.0,100.0
2020-05-16,Saxony,2020-05-16,SN,28.0,5089,387.0,0.687,0.041,14.0,2.0,197,0.049,67.928
2020-05-17,Saxony,2020-05-17,SN,26.0,5115,370.0,0.638,0.038,17.0,-1.0,196,-0.025,0.0
2020-03-18,Saarland,2020-03-18,SL,,88,,,,,,0,,0.0
2020-03-19,Saarland,2020-03-19,SL,11.0,99,,1.111,,,0.0,0,0.0,0.0
2020-03-20,Saarland,2020-03-20,SL,47.0,146,,4.745,,0.0,0.0,0,0.0,0.0
2020-03-21,Saarland,2020-03-21,SL,41.0,187,,4.139,,0.0,0.0,0,0.0,0.0
2020-03-22,Saarland,2020-03-22,SL,0.0,187,,0.0,,0.0,0.0,0,0.0,0.0
2020-03-23,Saarland,2020-03-23,SL,13.0,200,,1.312,,0.0,0.0,0,0.0,0.0
2020-03-24,Saarland,2020-03-24,SL,137.0,337,,13.831,,0.0,1.0,1,0.101,0.0
2020-03-25,Saarland,2020-03-25,SL,66.0,403,,6.663,,0.0,-1.0,0,-0.101,0.0
2020-03-26,Saarland,2020-03-26,SL,30.0,433,,3.029,,0.0,2.0,2,0.202,0.0
2020-03-27,Saarland,2020-03-27,SL,72.0,505,,7.269,,0.0,0.0,2,0.0,100.0
2020-03-28,Saarland,2020-03-28,SL,45.0,550,,4.543,,0.0,0.0,2,0.0,100.0
2020-03-29,Saarland,2020-03-29,SL,10.0,560,,1.01,,0.0,0.0,2,0.0,100.0
2020-03-30,Saarland,2020-03-30,SL,146.0,706,618.0,14.74,,0.0,5.0,7,0.505,0.553
2020-03-31,Saarland,2020-03-31,SL,76.0,782,683.0,7.673,,0.0,0.0,7,0.0,100.0
2020-04-01,Saarland,2020-04-01,SL,47.0,829,683.0,4.745,,0.0,1.0,8,0.101,5.191
2020-04-02,Saarland,2020-04-02,SL,191.0,1020,833.0,19.283,,0.0,3.0,11,0.303,2.177
2020-04-03,Saarland,2020-04-03,SL,59.0,1079,892.0,5.957,,0.0,1.0,12,0.101,7.966
2020-04-04,Saarland,2020-04-04,SL,186.0,1265,1065.0,18.778,,0.0,2.0,14,0.202,4.497
2020-04-05,Saarland,2020-04-05,SL,93.0,1358,1021.0,9.389,,0.0,0.0,14,0.0,100.0
2020-04-06,Saarland,2020-04-06,SL,125.0,1483,1080.0,12.62,,0.0,0.0,14,0.0,100.0
2020-04-07,Saarland,2020-04-07,SL,49.0,1532,1099.0,4.947,,0.0,2.0,16,0.202,5.191
2020-04-08,Saarland,2020-04-08,SL,105.0,1637,1132.0,10.601,,0.0,7.0,23,0.707,1.91
2020-04-09,Saarland,2020-04-09,SL,56.0,1693,1143.0,5.654,0.036,5.0,0.0,23,0.0,100.0
2020-04-10,Saarland,2020-04-10,SL,161.0,1854,1294.0,16.254,0.101,12.0,13.0,36,1.312,1.547
2020-04-11,Saarland,2020-04-11,SL,162.0,2016,1310.0,16.355,0.095,10.0,5.0,41,0.505,5.33
2020-04-12,Saarland,2020-04-12,SL,42.0,2058,1276.0,4.24,0.023,13.0,2.0,43,0.202,14.553
2020-04-13,Saarland,2020-04-13,SL,21.0,2079,1250.0,2.12,0.011,33.0,1.0,44,0.101,30.151
2020-04-14,Saarland,2020-04-14,SL,33.0,2112,1092.0,3.332,0.018,49.0,8.0,52,0.808,4.149
2020-04-15,Saarland,2020-04-15,SL,33.0,2145,1066.0,3.332,0.019,45.0,6.0,58,0.606,6.348
2020-04-16,Saarland,2020-04-16,SL,56.0,2201,936.0,5.654,0.032,34.0,13.0,71,1.312,3.427
2020-04-17,Saarland,2020-04-17,SL,53.0,2254,896.0,5.351,0.03,26.0,5.0,76,0.505,10.185
2020-04-18,Saarland,2020-04-18,SL,35.0,2289,806.0,3.534,0.02,26.0,10.0,86,1.01,5.607
2020-04-19,Saarland,2020-04-19,SL,14.0,2303,771.0,1.413,0.008,45.0,5.0,91,0.505,12.265
2020-04-20,Saarland,2020-04-20,SL,11.0,2314,677.0,1.111,0.006,77.0,0.0,91,0.0,100.0
2020-04-21,Saarland,2020-04-21,SL,14.0,2328,635.0,1.413,0.009,92.0,2.0,93,0.202,31.884
2020-04-22,Saarland,2020-04-22,SL,39.0,2367,513.0,3.937,0.025,72.0,4.0,97,0.404,16.46
2020-04-23,Saarland,2020-04-23,SL,28.0,2395,379.0,2.827,0.018,44.0,2.0,99,0.202,33.963
2020-04-24,Saarland,2020-04-24,SL,50.0,2445,387.0,5.048,0.036,31.0,6.0,105,0.606,11.78
2020-04-25,Saarland,2020-04-25,SL,23.0,2468,389.0,2.322,0.017,30.0,2.0,107,0.202,36.736
2020-04-26,Saarland,2020-04-26,SL,14.0,2482,370.0,1.413,0.012,41.0,0.0,107,0.0,100.0
2020-04-27,Saarland,2020-04-27,SL,21.0,2503,358.0,2.12,0.019,50.0,14.0,121,1.413,5.637
2020-04-28,Saarland,2020-04-28,SL,6.0,2509,308.0,0.606,0.006,59.0,2.0,123,0.202,42.281
2020-04-29,Saarland,2020-04-29,SL,5.0,2514,260.0,0.505,0.005,84.0,6.0,129,0.606,14.553
2020-04-30,Saarland,2020-04-30,SL,38.0,2552,263.0,3.836,0.043,79.0,2.0,131,0.202,45.054
2020-05-01,Saarland,2020-05-01,SL,29.0,2581,278.0,2.928,0.034,38.0,4.0,135,0.404,23.045
2020-05-02,Saarland,2020-05-02,SL,16.0,2597,283.0,1.615,0.022,22.0,0.0,135,0.0,100.0
2020-05-03,Saarland,2020-05-03,SL,8.0,2605,277.0,0.808,0.014,34.0,3.0,138,0.303,31.537
2020-05-04,Saarland,2020-05-04,SL,3.0,2608,241.0,0.303,0.005,58.0,1.0,139,0.101,96.0
2020-05-05,Saarland,2020-05-05,SL,10.0,2618,223.0,1.01,0.019,72.0,0.0,139,0.0,100.0
2020-05-06,Saarland,2020-05-06,SL,9.0,2627,182.0,0.909,0.018,53.0,2.0,141,0.202,48.52
2020-05-07,Saarland,2020-05-07,SL,28.0,2655,187.0,2.827,0.058,32.0,2.0,143,0.202,49.213
2020-05-08,Saarland,2020-05-08,SL,3.0,2658,176.0,0.303,0.007,41.0,-3.0,140,-0.303,0.0
2020-05-09,Saarland,2020-05-09,SL,2.0,2660,157.0,0.202,0.005,78.0,2.0,142,0.202,48.866
2020-05-10,Saarland,2020-05-10,SL,3.0,2663,154.0,0.303,0.008,97.0,0.0,142,0.0,100.0
2020-05-11,Saarland,2020-05-11,SL,2.0,2665,151.0,0.202,0.006,93.0,0.0,142,0.0,100.0
2020-05-12,Saarland,2020-05-12,SL,0.0,2665,113.0,0.0,0.0,97.0,2.0,144,0.202,49.559
2020-05-13,Saarland,2020-05-13,SL,2.0,2667,86.0,0.202,0.006,100.0,0.0,144,0.0,100.0
2020-05-14,Saarland,2020-05-14,SL,10.0,2677,80.0,1.01,0.033,80.0,1.0,145,0.101,100.0
2020-05-15,Saarland,2020-05-15,SL,7.0,2684,79.0,0.707,0.025,43.0,2.0,147,0.202,50.599
2020-05-16,Saarland,2020-05-16,SL,4.0,2688,80.0,0.404,0.017,30.0,2.0,149,0.202,51.292
2020-05-17,Saarland,2020-05-17,SL,8.0,2696,78.0,0.808,0.036,33.0,0.0,149,0.0,100.0
2020-03-18,Rhineland-Palatinate,2020-03-18,RP,,474,,,,,,0,,0.0
2020-03-19,Rhineland-Palatinate,2020-03-19,RP,163.0,637,,3.99,,,0.0,0,0.0,0.0
2020-03-20,Rhineland-Palatinate,2020-03-20,RP,164.0,801,,4.015,,0.0,1.0,1,0.024,0.0
2020-03-21,Rhineland-Palatinate,2020-03-21,RP,137.0,938,,3.354,,0.0,0.0,1,0.0,100.0
2020-03-22,Rhineland-Palatinate,2020-03-22,RP,115.0,1053,,2.815,,0.0,1.0,2,0.024,1.0
2020-03-23,Rhineland-Palatinate,2020-03-23,RP,124.0,1177,,3.036,,0.0,0.0,2,0.0,100.0
2020-03-24,Rhineland-Palatinate,2020-03-24,RP,193.0,1370,,4.725,,0.0,3.0,5,0.073,0.756
2020-03-25,Rhineland-Palatinate,2020-03-25,RP,221.0,1591,,5.41,,0.0,-5.0,0,-0.122,0.0
2020-03-26,Rhineland-Palatinate,2020-03-26,RP,225.0,1816,,5.508,,0.0,6.0,6,0.147,0.0
2020-03-27,Rhineland-Palatinate,2020-03-27,RP,155.0,1971,,3.795,,0.0,2.0,8,0.049,2.409
2020-03-28,Rhineland-Palatinate,2020-03-28,RP,241.0,2212,,5.9,,0.0,3.0,11,0.073,2.177
2020-03-29,Rhineland-Palatinate,2020-03-29,RP,184.0,2396,,4.505,,0.0,1.0,12,0.024,7.966
2020-03-30,Rhineland-Palatinate,2020-03-30,RP,188.0,2584,2110.0,4.602,,0.0,6.0,18,0.147,1.71
2020-03-31,Rhineland-Palatinate,2020-03-31,RP,142.0,2726,2089.0,3.476,,0.0,1.0,19,0.024,12.82
2020-04-01,Rhineland-Palatinate,2020-04-01,RP,173.0,2899,2098.0,4.235,,0.0,4.0,23,0.098,3.628
2020-04-02,Rhineland-Palatinate,2020-04-02,RP,233.0,3132,2194.0,5.704,,0.0,3.0,26,0.073,5.654
2020-04-03,Rhineland-Palatinate,2020-04-03,RP,230.0,3362,2309.0,5.631,,0.0,0.0,26,0.0,100.0
2020-04-04,Rhineland-Palatinate,2020-04-04,RP,142.0,3504,2327.0,3.476,,0.0,3.0,29,0.073,6.348
2020-04-05,Rhineland-Palatinate,2020-04-05,RP,159.0,3663,2293.0,3.892,,0.0,3.0,32,0.073,7.041
2020-04-06,Rhineland-Palatinate,2020-04-06,RP,219.0,3882,2291.0,5.361,,0.0,0.0,32,0.0,100.0
2020-04-07,Rhineland-Palatinate,2020-04-07,RP,110.0,3992,2176.0,2.693,,0.0,2.0,34,0.049,11.433
2020-04-08,Rhineland-Palatinate,2020-04-08,RP,156.0,4148,2177.0,3.819,,0.0,11.0,45,0.269,2.473
2020-04-09,Rhineland-Palatinate,2020-04-09,RP,188.0,4336,2124.0,4.602,0.051,3.0,5.0,50,0.122,6.579
2020-04-10,Rhineland-Palatinate,2020-04-10,RP,104.0,4440,2044.0,2.546,0.028,13.0,1.0,51,0.024,35.003
2020-04-11,Rhineland-Palatinate,2020-04-11,RP,182.0,4622,2038.0,4.456,0.05,20.0,8.0,59,0.196,4.757
2020-04-12,Rhineland-Palatinate,2020-04-12,RP,112.0,4734,2008.0,2.742,0.03,19.0,5.0,64,0.122,8.521
2020-04-13,Rhineland-Palatinate,2020-04-13,RP,76.0,4810,1911.0,1.861,0.021,24.0,4.0,68,0.098,11.433
2020-04-14,Rhineland-Palatinate,2020-04-14,RP,70.0,4880,1748.0,1.714,0.019,32.0,2.0,70,0.049,23.912
2020-04-15,Rhineland-Palatinate,2020-04-15,RP,124.0,5004,1642.0,3.036,0.035,32.0,7.0,77,0.171,7.272
2020-04-16,Rhineland-Palatinate,2020-04-16,RP,83.0,5087,1583.0,2.032,0.024,26.0,10.0,87,0.245,5.677
2020-04-17,Rhineland-Palatinate,2020-04-17,RP,124.0,5211,1548.0,3.036,0.038,24.0,5.0,92,0.122,12.404
2020-04-18,Rhineland-Palatinate,2020-04-18,RP,113.0,5324,1442.0,2.766,0.035,22.0,7.0,99,0.171,9.452
2020-04-19,Rhineland-Palatinate,2020-04-19,RP,108.0,5432,1440.0,2.644,0.035,20.0,7.0,106,0.171,10.146
2020-04-20,Rhineland-Palatinate,2020-04-20,RP,91.0,5523,1375.0,2.228,0.03,21.0,1.0,107,0.024,73.82
2020-04-21,Rhineland-Palatinate,2020-04-21,RP,38.0,5561,1225.0,0.93,0.013,30.0,9.0,116,0.22,8.583
2020-04-22,Rhineland-Palatinate,2020-04-22,RP,32.0,5593,1153.0,0.783,0.011,48.0,6.0,122,0.147,13.744
2020-04-23,Rhineland-Palatinate,2020-04-23,RP,50.0,5643,1021.0,1.224,0.019,54.0,9.0,131,0.22,9.738
2020-04-24,Rhineland-Palatinate,2020-04-24,RP,88.0,5731,997.0,2.154,0.035,39.0,5.0,136,0.122,18.505
2020-04-25,Rhineland-Palatinate,2020-04-25,RP,36.0,5767,957.0,0.881,0.015,31.0,2.0,138,0.049,47.48
2020-04-26,Rhineland-Palatinate,2020-04-26,RP,68.0,5835,955.0,1.665,0.03,34.0,9.0,147,0.22,10.971
2020-04-27,Rhineland-Palatinate,2020-04-27,RP,44.0,5879,875.0,1.077,0.02,32.0,5.0,152,0.122,20.723
2020-04-28,Rhineland-Palatinate,2020-04-28,RP,49.0,5928,841.0,1.2,0.025,30.0,5.0,157,0.122,21.416
2020-04-29,Rhineland-Palatinate,2020-04-29,RP,54.0,5982,771.0,1.322,0.028,29.0,4.0,161,0.098,27.551
2020-04-30,Rhineland-Palatinate,2020-04-30,RP,47.0,6029,705.0,1.151,0.026,27.0,5.0,166,0.122,22.664
2020-05-01,Rhineland-Palatinate,2020-05-01,RP,57.0,6086,654.0,1.395,0.034,25.0,6.0,172,0.147,19.522
2020-05-02,Rhineland-Palatinate,2020-05-02,RP,13.0,6099,576.0,0.318,0.008,39.0,1.0,173,0.024,100.0
2020-05-03,Rhineland-Palatinate,2020-05-03,RP,34.0,6133,572.0,0.832,0.023,57.0,3.0,176,0.073,40.317
2020-05-04,Rhineland-Palatinate,2020-05-04,RP,17.0,6150,557.0,0.416,0.012,52.0,1.0,177,0.024,100.0
2020-05-05,Rhineland-Palatinate,2020-05-05,RP,10.0,6160,517.0,0.245,0.007,60.0,5.0,182,0.122,24.882
2020-05-06,Rhineland-Palatinate,2020-05-06,RP,31.0,6191,460.0,0.759,0.024,68.0,5.0,187,0.122,25.576
2020-05-07,Rhineland-Palatinate,2020-05-07,RP,22.0,6213,446.0,0.539,0.019,47.0,2.0,189,0.049,65.155
2020-05-08,Rhineland-Palatinate,2020-05-08,RP,28.0,6241,406.0,0.685,0.025,33.0,3.0,192,0.073,44.014
2020-05-09,Rhineland-Palatinate,2020-05-09,RP,41.0,6282,403.0,1.004,0.04,28.0,3.0,195,0.073,44.707
2020-05-10,Rhineland-Palatinate,2020-05-10,RP,9.0,6291,363.0,0.22,0.009,34.0,0.0,195,0.0,100.0
2020-05-11,Rhineland-Palatinate,2020-05-11,RP,22.0,6313,331.0,0.539,0.026,48.0,0.0,195,0.0,100.0
2020-05-12,Rhineland-Palatinate,2020-05-12,RP,42.0,6355,326.0,1.028,0.053,36.0,11.0,206,0.269,12.631
2020-05-13,Rhineland-Palatinate,2020-05-13,RP,5.0,6360,274.0,0.122,0.006,39.0,1.0,207,0.024,100.0
2020-05-14,Rhineland-Palatinate,2020-05-14,RP,22.0,6382,283.0,0.539,0.029,59.0,5.0,212,0.122,29.042
2020-05-15,Rhineland-Palatinate,2020-05-15,RP,31.0,6413,280.0,0.759,0.042,41.0,1.0,213,0.024,100.0
2020-05-16,Rhineland-Palatinate,2020-05-16,RP,36.0,6449,299.0,0.881,0.053,18.0,3.0,216,0.073,49.559
2020-05-17,Rhineland-Palatinate,2020-05-17,RP,0.0,6449,289.0,0.0,0.0,36.0,0.0,216,0.0,100.0
2020-03-18,North Rhine-Westphalia,2020-03-18,NW,,2372,,,,,,6,,0.0
2020-03-19,North Rhine-Westphalia,2020-03-19,NW,661.0,3033,,3.686,,,0.0,6,0.0,100.0
2020-03-20,North Rhine-Westphalia,2020-03-20,NW,464.0,3497,,2.587,,0.0,0.0,6,0.0,100.0
2020-03-21,North Rhine-Westphalia,2020-03-21,NW,45.0,3542,,0.251,,0.0,0.0,6,0.0,100.0
2020-03-22,North Rhine-Westphalia,2020-03-22,NW,3.0,3545,,0.017,,0.0,0.0,6,0.0,100.0
2020-03-23,North Rhine-Westphalia,2020-03-23,NW,2070.0,5615,,11.543,,0.0,22.0,28,0.123,0.45
2020-03-24,North Rhine-Westphalia,2020-03-24,NW,703.0,6318,,3.92,,0.0,5.0,33,0.028,4.219
2020-03-25,North Rhine-Westphalia,2020-03-25,NW,879.0,7197,,4.902,,0.0,-33.0,0,-0.184,0.0
2020-03-26,North Rhine-Westphalia,2020-03-26,NW,727.0,7924,,4.054,,0.0,53.0,53,0.296,0.0
2020-03-27,North Rhine-Westphalia,2020-03-27,NW,1311.0,9235,,7.311,,0.0,19.0,72,0.106,2.262
2020-03-28,North Rhine-Westphalia,2020-03-28,NW,1372.0,10607,,7.651,,0.0,8.0,80,0.045,6.579
2020-03-29,North Rhine-Westphalia,2020-03-29,NW,793.0,11400,,4.422,,0.0,18.0,98,0.1,3.416
2020-03-30,North Rhine-Westphalia,2020-03-30,NW,778.0,12178,9806.0,4.338,,0.0,3.0,101,0.017,22.988
2020-03-31,North Rhine-Westphalia,2020-03-31,NW,1047.0,13225,10192.0,5.838,,0.0,16.0,117,0.089,4.714
2020-04-01,North Rhine-Westphalia,2020-04-01,NW,1126.0,14351,10854.0,6.279,,0.0,17.0,134,0.095,5.109
2020-04-02,North Rhine-Westphalia,2020-04-02,NW,1076.0,15427,11885.0,6.0,,0.0,27.0,161,0.151,3.776
2020-04-03,North Rhine-Westphalia,2020-04-03,NW,1179.0,16606,13061.0,6.575,,0.0,17.0,178,0.095,6.905
2020-04-04,North Rhine-Westphalia,2020-04-04,NW,1279.0,17885,12270.0,7.132,,0.0,22.0,200,0.123,5.948
2020-04-05,North Rhine-Westphalia,2020-04-05,NW,850.0,18735,12417.0,4.74,,0.0,45.0,245,0.251,3.416
2020-04-06,North Rhine-Westphalia,2020-04-06,NW,649.0,19384,12187.0,3.619,,0.0,10.0,255,0.056,17.326
2020-04-07,North Rhine-Westphalia,2020-04-07,NW,836.0,20220,12296.0,4.662,,0.0,27.0,282,0.151,6.887
2020-04-08,North Rhine-Westphalia,2020-04-08,NW,709.0,20929,11694.0,3.954,,0.0,66.0,348,0.368,3.296
2020-04-09,North Rhine-Westphalia,2020-04-09,NW,1032.0,21961,11354.0,5.755,0.056,3.0,36.0,384,0.201,7.041
2020-04-10,North Rhine-Westphalia,2020-04-10,NW,1067.0,23028,11628.0,5.95,0.056,10.0,62.0,446,0.346,4.631
2020-04-11,North Rhine-Westphalia,2020-04-11,NW,616.0,23644,11466.0,3.435,0.032,15.0,26.0,472,0.145,12.233
2020-04-12,North Rhine-Westphalia,2020-04-12,NW,623.0,24267,11042.0,3.474,0.031,20.0,23.0,495,0.128,14.568
2020-04-13,North Rhine-Westphalia,2020-04-13,NW,616.0,24883,10532.0,3.435,0.03,23.0,23.0,518,0.128,15.262
2020-04-14,North Rhine-Westphalia,2020-04-14,NW,417.0,25300,9873.0,2.325,0.022,26.0,27.0,545,0.151,13.642
2020-04-15,North Rhine-Westphalia,2020-04-15,NW,535.0,25835,9229.0,2.983,0.028,28.0,62.0,607,0.346,6.433
2020-04-16,North Rhine-Westphalia,2020-04-16,NW,548.0,26383,8498.0,3.056,0.029,27.0,56.0,663,0.312,7.855
2020-04-17,North Rhine-Westphalia,2020-04-17,NW,647.0,27030,8295.0,3.608,0.035,23.0,63.0,726,0.351,7.636
2020-04-18,North Rhine-Westphalia,2020-04-18,NW,976.0,28006,8622.0,5.443,0.055,19.0,65.0,791,0.362,8.084
2020-04-19,North Rhine-Westphalia,2020-04-19,NW,465.0,28471,8251.0,2.593,0.027,18.0,23.0,814,0.128,24.183
2020-04-20,North Rhine-Westphalia,2020-04-20,NW,500.0,28971,8042.0,2.788,0.029,22.0,43.0,857,0.24,13.465
2020-04-21,North Rhine-Westphalia,2020-04-21,NW,418.0,29389,7428.0,2.331,0.025,26.0,39.0,896,0.217,15.576
2020-04-22,North Rhine-Westphalia,2020-04-22,NW,796.0,30185,7157.0,4.439,0.049,24.0,68.0,964,0.379,9.476
2020-04-23,North Rhine-Westphalia,2020-04-23,NW,399.0,30584,6940.0,2.225,0.025,21.0,35.0,999,0.195,19.436
2020-04-24,North Rhine-Westphalia,2020-04-24,NW,522.0,31106,6839.0,2.911,0.034,23.0,53.0,1052,0.296,13.409
2020-04-25,North Rhine-Westphalia,2020-04-25,NW,359.0,31465,6582.0,2.002,0.025,24.0,32.0,1084,0.178,23.132
2020-04-26,North Rhine-Westphalia,2020-04-26,NW,204.0,31669,6369.0,1.138,0.015,31.0,12.0,1096,0.067,62.96
2020-04-27,North Rhine-Westphalia,2020-04-27,NW,210.0,31879,6044.0,1.171,0.016,41.0,35.0,1131,0.195,22.05
2020-04-28,North Rhine-Westphalia,2020-04-28,NW,305.0,32184,5801.0,1.701,0.024,40.0,40.0,1171,0.223,19.943
2020-04-29,North Rhine-Westphalia,2020-04-29,NW,245.0,32429,5399.0,1.366,0.02,34.0,29.0,1200,0.162,28.334
2020-04-30,North Rhine-Westphalia,2020-04-30,NW,258.0,32687,4681.0,1.439,0.022,32.0,19.0,1219,0.106,44.123
2020-05-01,North Rhine-Westphalia,2020-05-01,NW,371.0,33058,4587.0,2.069,0.035,29.0,42.0,1261,0.234,20.462
2020-05-02,North Rhine-Westphalia,2020-05-02,NW,158.0,33216,4245.0,0.881,0.016,29.0,7.0,1268,0.039,100.0
2020-05-03,North Rhine-Westphalia,2020-05-03,NW,212.0,33428,4039.0,1.182,0.022,35.0,19.0,1287,0.106,46.604
2020-05-04,North Rhine-Westphalia,2020-05-04,NW,132.0,33560,3375.0,0.736,0.014,39.0,3.0,1290,0.017,100.0
2020-05-05,North Rhine-Westphalia,2020-05-05,NW,168.0,33728,3144.0,0.937,0.019,41.0,42.0,1332,0.234,21.634
2020-05-06,North Rhine-Westphalia,2020-05-06,NW,249.0,33977,2871.0,1.389,0.03,36.0,26.0,1358,0.145,35.856
2020-05-07,North Rhine-Westphalia,2020-05-07,NW,272.0,34249,2784.0,1.517,0.033,26.0,14.0,1372,0.078,67.581
2020-05-08,North Rhine-Westphalia,2020-05-08,NW,273.0,34522,2853.0,1.522,0.035,22.0,25.0,1397,0.139,38.385
2020-05-09,North Rhine-Westphalia,2020-05-09,NW,295.0,34817,2938.0,1.645,0.039,20.0,27.0,1424,0.151,36.209
2020-05-10,North Rhine-Westphalia,2020-05-10,NW,147.0,34964,2780.0,0.82,0.022,22.0,1.0,1425,0.006,100.0
2020-05-11,North Rhine-Westphalia,2020-05-11,NW,168.0,35132,2703.0,0.937,0.026,28.0,12.0,1437,0.067,82.657
2020-05-12,North Rhine-Westphalia,2020-05-12,NW,201.0,35333,2646.0,1.121,0.033,27.0,19.0,1456,0.106,52.77
2020-05-13,North Rhine-Westphalia,2020-05-13,NW,222.0,35555,2497.0,1.238,0.037,22.0,17.0,1473,0.095,59.712
2020-05-14,North Rhine-Westphalia,2020-05-14,NW,186.0,35741,2525.0,1.037,0.035,20.0,10.0,1483,0.056,100.0
2020-05-15,North Rhine-Westphalia,2020-05-15,NW,226.0,35967,2539.0,1.26,0.044,19.0,10.0,1493,0.056,100.0
2020-05-16,North Rhine-Westphalia,2020-05-16,NW,98.0,36065,2505.0,0.546,0.02,22.0,7.0,1500,0.039,100.0
2020-05-17,North Rhine-Westphalia,2020-05-17,NW,221.0,36286,2558.0,1.232,0.048,25.0,5.0,1505,0.028,100.0
2020-03-18,Lower Saxony,2020-03-18,NI,,478,,,,,,0,,0.0
2020-03-19,Lower Saxony,2020-03-19,NI,191.0,669,,2.393,,,0.0,0,0.0,0.0
2020-03-20,Lower Saxony,2020-03-20,NI,134.0,803,,1.679,,0.0,0.0,0,0.0,0.0
2020-03-21,Lower Saxony,2020-03-21,NI,220.0,1023,,2.756,,0.0,0.0,0,0.0,0.0
2020-03-22,Lower Saxony,2020-03-22,NI,283.0,1306,,3.545,,0.0,1.0,1,0.013,0.0
2020-03-23,Lower Saxony,2020-03-23,NI,177.0,1483,,2.217,,0.0,3.0,4,0.038,0.5
2020-03-24,Lower Saxony,2020-03-24,NI,281.0,1764,,3.52,,0.0,2.0,6,0.025,1.71
2020-03-25,Lower Saxony,2020-03-25,NI,376.0,2140,,4.71,,0.0,-6.0,0,-0.075,0.0
2020-03-26,Lower Saxony,2020-03-26,NI,207.0,2347,,2.593,,0.0,8.0,8,0.1,0.0
2020-03-27,Lower Saxony,2020-03-27,NI,463.0,2810,,5.8,,0.0,2.0,10,0.025,3.106
2020-03-28,Lower Saxony,2020-03-28,NI,340.0,3150,,4.259,,0.0,2.0,12,0.025,3.802
2020-03-29,Lower Saxony,2020-03-29,NI,300.0,3450,,3.758,,0.0,9.0,21,0.113,1.239
2020-03-30,Lower Saxony,2020-03-30,NI,282.0,3732,3254.0,3.533,,0.0,5.0,26,0.063,3.246
2020-03-31,Lower Saxony,2020-03-31,NI,331.0,4063,3394.0,4.147,,0.0,8.0,34,0.1,2.584
2020-04-01,Lower Saxony,2020-04-01,NI,319.0,4382,3579.0,3.996,,0.0,8.0,42,0.1,3.28
2020-04-02,Lower Saxony,2020-04-02,NI,313.0,4695,3672.0,3.921,,0.0,3.0,45,0.038,10.047
2020-04-03,Lower Saxony,2020-04-03,NI,386.0,5081,3775.0,4.836,,0.0,20.0,65,0.251,1.885
2020-04-04,Lower Saxony,2020-04-04,NI,490.0,5571,4088.0,6.139,,0.0,20.0,85,0.251,2.584
2020-04-05,Lower Saxony,2020-04-05,NI,141.0,5712,3948.0,1.766,,0.0,4.0,89,0.05,15.073
2020-04-06,Lower Saxony,2020-04-06,NI,248.0,5960,3820.0,3.107,,0.0,3.0,92,0.038,20.908
2020-04-07,Lower Saxony,2020-04-07,NI,240.0,6200,3853.0,3.007,,0.0,19.0,111,0.238,3.692
2020-04-08,Lower Saxony,2020-04-08,NI,185.0,6385,3575.0,2.318,,0.0,10.0,121,0.125,8.036
2020-04-09,Lower Saxony,2020-04-09,NI,419.0,6804,3654.0,5.249,0.071,3.0,20.0,141,0.251,4.531
2020-04-10,Lower Saxony,2020-04-10,NI,310.0,7114,3664.0,3.884,0.051,9.0,20.0,161,0.251,5.226
2020-04-11,Lower Saxony,2020-04-11,NI,229.0,7343,3611.0,2.869,0.036,14.0,10.0,171,0.125,11.503
2020-04-12,Lower Saxony,2020-04-12,NI,259.0,7602,3539.0,3.245,0.041,18.0,18.0,189,0.225,6.926
2020-04-13,Lower Saxony,2020-04-13,NI,121.0,7723,3341.0,1.516,0.019,23.0,12.0,201,0.15,11.26
2020-04-14,Lower Saxony,2020-04-14,NI,162.0,7885,3190.0,2.029,0.026,29.0,10.0,211,0.125,14.276
2020-04-15,Lower Saxony,2020-04-15,NI,134.0,8019,2938.0,1.679,0.022,31.0,13.0,224,0.163,11.593
2020-04-16,Lower Saxony,2020-04-16,NI,169.0,8188,2617.0,2.117,0.029,29.0,24.0,248,0.301,6.81
2020-04-17,Lower Saxony,2020-04-17,NI,254.0,8442,2730.0,3.182,0.043,24.0,26.0,274,0.326,6.952
2020-04-18,Lower Saxony,2020-04-18,NI,207.0,8649,2689.0,2.593,0.037,19.0,7.0,281,0.088,27.477
2020-04-19,Lower Saxony,2020-04-19,NI,148.0,8797,2597.0,1.854,0.027,20.0,7.0,288,0.088,28.17
2020-04-20,Lower Saxony,2020-04-20,NI,103.0,8900,2515.0,1.29,0.019,27.0,3.0,291,0.038,66.888
2020-04-21,Lower Saxony,2020-04-21,NI,198.0,9098,2294.0,2.48,0.038,29.0,15.0,306,0.188,13.791
2020-04-22,Lower Saxony,2020-04-22,NI,138.0,9236,2122.0,1.729,0.027,25.0,22.0,328,0.276,9.984
2020-04-23,Lower Saxony,2020-04-23,NI,155.0,9391,2048.0,1.942,0.032,23.0,12.0,340,0.15,19.29
2020-04-24,Lower Saxony,2020-04-24,NI,153.0,9544,1942.0,1.917,0.033,23.0,24.0,364,0.301,10.162
2020-04-25,Lower Saxony,2020-04-25,NI,147.0,9691,1968.0,1.842,0.033,22.0,13.0,377,0.163,19.753
2020-04-26,Lower Saxony,2020-04-26,NI,94.0,9785,1900.0,1.178,0.023,24.0,7.0,384,0.088,37.676
2020-04-27,Lower Saxony,2020-04-27,NI,62.0,9847,1828.0,0.777,0.015,32.0,7.0,391,0.088,38.37
2020-04-28,Lower Saxony,2020-04-28,NI,79.0,9926,1738.0,0.99,0.02,39.0,3.0,394,0.038,90.686
2020-04-29,Lower Saxony,2020-04-29,NI,46.0,9972,1530.0,0.576,0.012,43.0,12.0,406,0.15,23.103
2020-04-30,Lower Saxony,2020-04-30,NI,95.0,10067,1418.0,1.19,0.026,43.0,10.0,416,0.125,28.487
2020-05-01,Lower Saxony,2020-05-01,NI,74.0,10141,1344.0,0.927,0.023,35.0,13.0,429,0.163,22.526
2020-05-02,Lower Saxony,2020-05-02,NI,105.0,10246,1346.0,1.315,0.035,27.0,22.0,451,0.276,13.86
2020-05-03,Lower Saxony,2020-05-03,NI,37.0,10283,1185.0,0.464,0.013,32.0,2.0,453,0.025,100.0
2020-05-04,Lower Saxony,2020-05-04,NI,42.0,10325,1089.0,0.526,0.016,44.0,3.0,456,0.038,100.0
2020-05-05,Lower Saxony,2020-05-05,NI,55.0,10380,989.0,0.689,0.021,44.0,7.0,463,0.088,45.499
2020-05-06,Lower Saxony,2020-05-06,NI,73.0,10453,909.0,0.915,0.029,34.0,7.0,470,0.088,46.192
2020-05-07,Lower Saxony,2020-05-07,NI,111.0,10564,873.0,1.391,0.046,24.0,8.0,478,0.1,41.068
2020-05-08,Lower Saxony,2020-05-08,NI,122.0,10686,901.0,1.528,0.051,17.0,15.0,493,0.188,22.433
2020-05-09,Lower Saxony,2020-05-09,NI,117.0,10803,956.0,1.466,0.052,14.0,3.0,496,0.038,100.0
2020-05-10,Lower Saxony,2020-05-10,NI,24.0,10827,901.0,0.301,0.011,26.0,2.0,498,0.025,100.0
2020-05-11,Lower Saxony,2020-05-11,NI,27.0,10854,882.0,0.338,0.013,48.0,0.0,498,0.0,100.0
2020-05-12,Lower Saxony,2020-05-12,NI,41.0,10895,828.0,0.514,0.021,50.0,9.0,507,0.113,38.7
2020-05-13,Lower Saxony,2020-05-13,NI,8.0,10903,762.0,0.1,0.004,55.0,1.0,508,0.013,100.0
2020-05-14,Lower Saxony,2020-05-14,NI,100.0,11003,757.0,1.253,0.06,61.0,16.0,524,0.2,22.352
2020-05-15,Lower Saxony,2020-05-15,NI,84.0,11087,804.0,1.052,0.052,34.0,10.0,534,0.125,36.666
2020-05-16,Lower Saxony,2020-05-16,NI,5.0,11092,767.0,0.063,0.003,35.0,1.0,535,0.013,100.0
2020-05-17,Lower Saxony,2020-05-17,NI,63.0,11155,775.0,0.789,0.045,57.0,9.0,544,0.113,41.549
2020-03-18,Hamburg,2020-03-18,HH,,358,,,,,,0,,0.0
2020-03-19,Hamburg,2020-03-19,HH,74.0,432,,4.019,,,0.0,0,0.0,0.0
2020-03-20,Hamburg,2020-03-20,HH,154.0,586,,8.364,,0.0,0.0,0,0.0,0.0
2020-03-21,Hamburg,2020-03-21,HH,1.0,587,,0.054,,0.0,0.0,0,0.0,0.0
2020-03-22,Hamburg,2020-03-22,HH,285.0,872,,15.479,,0.0,0.0,0,0.0,0.0
2020-03-23,Hamburg,2020-03-23,HH,71.0,943,,3.856,,0.0,0.0,0,0.0,0.0
2020-03-24,Hamburg,2020-03-24,HH,100.0,1043,,5.431,,0.0,0.0,0,0.0,0.0
2020-03-25,Hamburg,2020-03-25,HH,219.0,1262,,11.894,,0.0,0.0,0,0.0,0.0
2020-03-26,Hamburg,2020-03-26,HH,3.0,1265,,0.163,,0.0,0.0,0,0.0,0.0
2020-03-27,Hamburg,2020-03-27,HH,428.0,1693,,23.246,,0.0,2.0,2,0.109,0.0
2020-03-28,Hamburg,2020-03-28,HH,72.0,1765,,3.91,,0.0,0.0,2,0.0,100.0
2020-03-29,Hamburg,2020-03-29,HH,81.0,1846,,4.399,,0.0,2.0,4,0.109,1.0
2020-03-30,Hamburg,2020-03-30,HH,207.0,2053,1695.0,11.243,,0.0,1.0,5,0.054,3.106
2020-03-31,Hamburg,2020-03-31,HH,138.0,2191,1759.0,7.495,,0.0,4.0,9,0.217,1.179
2020-04-01,Hamburg,2020-04-01,HH,120.0,2311,1725.0,6.517,,0.0,5.0,14,0.272,1.569
2020-04-02,Hamburg,2020-04-02,HH,95.0,2406,1819.0,5.16,,0.0,0.0,14,0.0,100.0
2020-04-03,Hamburg,2020-04-03,HH,190.0,2596,1724.0,10.319,,0.0,2.0,16,0.109,5.191
2020-04-04,Hamburg,2020-04-04,HH,101.0,2697,1754.0,5.486,,0.0,0.0,16,0.0,100.0
2020-04-05,Hamburg,2020-04-05,HH,248.0,2945,1902.0,13.469,,0.0,3.0,19,0.163,4.033
2020-04-06,Hamburg,2020-04-06,HH,48.0,2993,1731.0,2.607,,0.0,0.0,19,0.0,100.0
2020-04-07,Hamburg,2020-04-07,HH,66.0,3059,1794.0,3.585,,0.0,1.0,20,0.054,13.513
2020-04-08,Hamburg,2020-04-08,HH,106.0,3165,1472.0,5.757,,0.0,3.0,23,0.163,4.96
2020-04-09,Hamburg,2020-04-09,HH,155.0,3320,1555.0,8.418,0.055,3.0,21.0,44,1.141,1.068
2020-04-10,Hamburg,2020-04-10,HH,231.0,3551,1705.0,12.546,0.08,9.0,9.0,53,0.489,3.724
2020-04-11,Hamburg,2020-04-11,HH,112.0,3663,1610.0,6.083,0.038,12.0,3.0,56,0.163,12.589
2020-04-12,Hamburg,2020-04-12,HH,79.0,3742,1551.0,4.291,0.026,18.0,0.0,56,0.0,100.0
2020-04-13,Hamburg,2020-04-13,HH,28.0,3770,1459.0,1.521,0.01,36.0,0.0,56,0.0,100.0
2020-04-14,Hamburg,2020-04-14,HH,38.0,3808,1402.0,2.064,0.013,56.0,3.0,59,0.163,13.282
2020-04-15,Hamburg,2020-04-15,HH,61.0,3869,1273.0,3.313,0.022,52.0,8.0,67,0.434,5.451
2020-04-16,Hamburg,2020-04-16,HH,84.0,3953,1256.0,4.562,0.032,34.0,13.0,80,0.706,3.909
2020-04-17,Hamburg,2020-04-17,HH,52.0,4005,1060.0,2.824,0.019,28.0,4.0,84,0.217,14.207
2020-04-18,Hamburg,2020-04-18,HH,113.0,4118,1125.0,6.137,0.049,27.0,6.0,90,0.326,10.047
2020-04-19,Hamburg,2020-04-19,HH,49.0,4167,1108.0,2.661,0.021,25.0,1.0,91,0.054,62.729
2020-04-20,Hamburg,2020-04-20,HH,18.0,4185,1020.0,0.978,0.008,43.0,0.0,91,0.0,100.0
2020-04-21,Hamburg,2020-04-21,HH,19.0,4204,884.0,1.032,0.009,73.0,0.0,91,0.0,100.0
2020-04-22,Hamburg,2020-04-22,HH,0.0,4204,653.0,0.0,0.0,86.0,0.0,91,0.0,100.0
2020-04-23,Hamburg,2020-04-23,HH,82.0,4286,623.0,4.454,0.043,74.0,22.0,113,1.195,3.201
2020-04-24,Hamburg,2020-04-24,HH,72.0,4358,616.0,3.91,0.038,38.0,9.0,122,0.489,9.045
2020-04-25,Hamburg,2020-04-25,HH,42.0,4400,630.0,2.281,0.024,21.0,17.0,139,0.923,5.313
2020-04-26,Hamburg,2020-04-26,HH,29.0,4429,621.0,1.575,0.017,30.0,1.0,140,0.054,96.694
2020-04-27,Hamburg,2020-04-27,HH,46.0,4475,606.0,2.498,0.031,34.0,2.0,142,0.109,48.866
2020-04-28,Hamburg,2020-04-28,HH,30.0,4505,552.0,1.629,0.02,30.0,0.0,142,0.0,100.0
2020-04-29,Hamburg,2020-04-29,HH,20.0,4525,520.0,1.086,0.014,36.0,11.0,153,0.597,9.29
2020-04-30,Hamburg,2020-04-30,HH,37.0,4562,444.0,2.01,0.027,40.0,2.0,155,0.109,53.372
2020-05-01,Hamburg,2020-05-01,HH,42.0,4604,437.0,2.281,0.034,31.0,8.0,163,0.434,13.773
2020-05-02,Hamburg,2020-05-02,HH,5.0,4609,424.0,0.272,0.005,42.0,0.0,163,0.0,100.0
2020-05-03,Hamburg,2020-05-03,HH,22.0,4631,427.0,1.195,0.023,63.0,1.0,164,0.054,100.0
2020-05-04,Hamburg,2020-05-04,HH,5.0,4636,432.0,0.272,0.006,65.0,2.0,166,0.109,57.184
2020-05-05,Hamburg,2020-05-05,HH,8.0,4644,358.0,0.434,0.009,76.0,6.0,172,0.326,19.522
2020-05-06,Hamburg,2020-05-06,HH,20.0,4664,306.0,1.086,0.024,70.0,18.0,190,0.978,6.964
2020-05-07,Hamburg,2020-05-07,HH,40.0,4704,304.0,2.172,0.05,37.0,4.0,194,0.217,33.27
2020-05-08,Hamburg,2020-05-08,HH,49.0,4753,324.0,2.661,0.065,17.0,7.0,201,0.38,19.555
2020-05-09,Hamburg,2020-05-09,HH,19.0,4772,297.0,1.032,0.025,16.0,3.0,204,0.163,46.787
2020-05-10,Hamburg,2020-05-10,HH,0.0,4772,267.0,0.0,0.0,42.0,0.0,204,0.0,100.0
2020-05-11,Hamburg,2020-05-11,HH,8.0,4780,255.0,0.434,0.013,70.0,0.0,204,0.0,100.0
2020-05-12,Hamburg,2020-05-12,HH,180.0,4960,398.0,9.776,0.303,52.0,12.0,216,0.652,12.127
2020-05-13,Hamburg,2020-05-13,HH,12.0,4972,368.0,0.652,0.016,26.0,7.0,223,0.38,21.733
2020-05-14,Hamburg,2020-05-14,HH,4.0,4976,367.0,0.217,0.005,48.0,5.0,228,0.272,31.26
2020-05-15,Hamburg,2020-05-15,HH,5.0,4981,350.0,0.272,0.007,85.0,0.0,228,0.0,100.0
2020-05-16,Hamburg,2020-05-16,HH,36.0,5017,381.0,1.955,0.058,76.0,3.0,231,0.163,53.025
2020-05-17,Hamburg,2020-05-17,HH,12.0,5029,385.0,0.652,0.019,39.0,1.0,232,0.054,100.0
2020-03-18,Bremen,2020-03-18,HB,,69,,,,,,0,,0.0
2020-03-19,Bremen,2020-03-19,HB,11.0,80,,1.611,,,0.0,0,0.0,0.0
2020-03-20,Bremen,2020-03-20,HB,41.0,121,,6.003,,0.0,0.0,0,0.0,0.0
2020-03-21,Bremen,2020-03-21,HB,21.0,142,,3.075,,0.0,0.0,0,0.0,0.0
2020-03-22,Bremen,2020-03-22,HB,23.0,165,,3.367,,0.0,0.0,0,0.0,0.0
2020-03-23,Bremen,2020-03-23,HB,5.0,170,,0.732,,0.0,0.0,0,0.0,0.0
2020-03-24,Bremen,2020-03-24,HB,13.0,183,,1.903,,0.0,0.0,0,0.0,0.0
2020-03-25,Bremen,2020-03-25,HB,17.0,200,,2.489,,0.0,0.0,0,0.0,0.0
2020-03-26,Bremen,2020-03-26,HB,11.0,211,,1.611,,0.0,1.0,1,0.146,0.0
2020-03-27,Bremen,2020-03-27,HB,30.0,241,,4.392,,0.0,0.0,1,0.0,100.0
2020-03-28,Bremen,2020-03-28,HB,19.0,260,,2.782,,0.0,1.0,2,0.146,1.0
2020-03-29,Bremen,2020-03-29,HB,15.0,275,,2.196,,0.0,0.0,2,0.0,100.0
2020-03-30,Bremen,2020-03-30,HB,11.0,286,217.0,1.611,,0.0,0.0,2,0.0,100.0
2020-03-31,Bremen,2020-03-31,HB,8.0,294,214.0,1.171,,0.0,2.0,4,0.293,1.0
2020-04-01,Bremen,2020-04-01,HB,17.0,311,190.0,2.489,,0.0,1.0,5,0.146,3.106
2020-04-02,Bremen,2020-04-02,HB,16.0,327,185.0,2.343,,0.0,1.0,6,0.146,3.802
2020-04-03,Bremen,2020-04-03,HB,14.0,341,176.0,2.05,,0.0,0.0,6,0.0,100.0
2020-04-04,Bremen,2020-04-04,HB,13.0,354,184.0,1.903,,0.0,0.0,6,0.0,100.0
2020-04-05,Bremen,2020-04-05,HB,40.0,394,211.0,5.857,,0.0,0.0,6,0.0,100.0
2020-04-06,Bremen,2020-04-06,HB,3.0,397,197.0,0.439,,0.0,2.0,8,0.293,2.409
2020-04-07,Bremen,2020-04-07,HB,2.0,399,188.0,0.293,,0.0,1.0,9,0.146,5.885
2020-04-08,Bremen,2020-04-08,HB,25.0,424,183.0,3.66,,0.0,1.0,10,0.146,6.579
2020-04-09,Bremen,2020-04-09,HB,21.0,445,185.0,3.075,0.059,3.0,1.0,11,0.146,7.272
2020-04-10,Bremen,2020-04-10,HB,9.0,454,179.0,1.318,0.025,13.0,2.0,13,0.293,4.149
2020-04-11,Bremen,2020-04-11,HB,15.0,469,183.0,2.196,0.045,21.0,2.0,15,0.293,4.844
2020-04-12,Bremen,2020-04-12,HB,11.0,480,186.0,1.611,0.034,20.0,0.0,15,0.0,100.0
2020-04-13,Bremen,2020-04-13,HB,6.0,486,175.0,0.878,0.019,24.0,2.0,17,0.293,5.538
2020-04-14,Bremen,2020-04-14,HB,6.0,492,165.0,0.878,0.019,33.0,3.0,20,0.439,4.265
2020-04-15,Bremen,2020-04-15,HB,8.0,500,159.0,1.171,0.026,34.0,1.0,21,0.146,14.207
2020-04-16,Bremen,2020-04-16,HB,7.0,507,153.0,1.025,0.023,30.0,0.0,21,0.0,100.0
2020-04-17,Bremen,2020-04-17,HB,49.0,556,162.0,7.174,0.166,23.0,1.0,22,0.146,14.9
2020-04-18,Bremen,2020-04-18,HB,11.0,567,170.0,1.611,0.035,15.0,2.0,24,0.293,7.966
2020-04-19,Bremen,2020-04-19,HB,18.0,585,186.0,2.635,0.059,14.0,1.0,25,0.146,16.98
2020-04-20,Bremen,2020-04-20,HB,19.0,604,180.0,2.782,0.061,14.0,0.0,25,0.0,100.0
2020-04-21,Bremen,2020-04-21,HB,5.0,609,164.0,0.732,0.016,20.0,0.0,25,0.0,100.0
2020-04-22,Bremen,2020-04-22,HB,15.0,624,170.0,2.196,0.048,29.0,1.0,26,0.146,17.673
2020-04-23,Bremen,2020-04-23,HB,48.0,672,203.0,7.028,0.153,20.0,1.0,27,0.146,18.366
2020-04-24,Bremen,2020-04-24,HB,35.0,707,227.0,5.124,0.101,8.0,0.0,27,0.0,100.0
2020-04-25,Bremen,2020-04-25,HB,12.0,719,233.0,1.757,0.033,10.0,0.0,27,0.0,100.0
2020-04-26,Bremen,2020-04-26,HB,20.0,739,247.0,2.928,0.055,16.0,0.0,27,0.0,100.0
2020-04-27,Bremen,2020-04-27,HB,15.0,754,254.0,2.196,0.043,16.0,0.0,27,0.0,100.0
2020-04-28,Bremen,2020-04-28,HB,5.0,759,252.0,0.732,0.014,24.0,0.0,27,0.0,100.0
2020-04-29,Bremen,2020-04-29,HB,38.0,797,241.0,5.564,0.106,31.0,2.0,29,0.293,9.7
2020-04-30,Bremen,2020-04-30,HB,30.0,827,260.0,4.392,0.08,18.0,0.0,29,0.0,100.0
2020-05-01,Bremen,2020-05-01,HB,32.0,859,274.0,4.685,0.084,8.0,1.0,30,0.146,20.446
2020-05-02,Bremen,2020-05-02,HB,12.0,871,267.0,1.757,0.03,12.0,0.0,30,0.0,100.0
2020-05-03,Bremen,2020-05-03,HB,4.0,875,266.0,0.586,0.01,32.0,0.0,30,0.0,100.0
2020-05-04,Bremen,2020-05-04,HB,18.0,893,269.0,2.635,0.046,45.0,0.0,30,0.0,100.0
2020-05-05,Bremen,2020-05-05,HB,2.0,895,223.0,0.293,0.005,50.0,1.0,31,0.146,21.139
2020-05-06,Bremen,2020-05-06,HB,21.0,916,209.0,3.075,0.052,57.0,0.0,31,0.0,100.0
2020-05-07,Bremen,2020-05-07,HB,47.0,963,244.0,6.881,0.113,33.0,1.0,32,0.146,21.832
2020-05-08,Bremen,2020-05-08,HB,34.0,997,258.0,4.978,0.075,9.0,0.0,32,0.0,100.0
2020-05-09,Bremen,2020-05-09,HB,27.0,1024,270.0,3.953,0.061,9.0,0.0,32,0.0,100.0
2020-05-10,Bremen,2020-05-10,HB,19.0,1043,284.0,2.782,0.042,12.0,0.0,32,0.0,100.0
2020-05-11,Bremen,2020-05-11,HB,12.0,1055,258.0,1.757,0.026,18.0,2.0,34,0.293,11.433
2020-05-12,Bremen,2020-05-12,HB,3.0,1058,231.0,0.439,0.007,43.0,1.0,35,0.146,23.912
2020-05-13,Bremen,2020-05-13,HB,19.0,1077,218.0,2.782,0.042,61.0,1.0,36,0.146,24.605
2020-05-14,Bremen,2020-05-14,HB,27.0,1104,233.0,3.953,0.06,36.0,1.0,37,0.146,25.298
2020-05-15,Bremen,2020-05-15,HB,25.0,1129,254.0,3.66,0.058,13.0,0.0,37,0.0,100.0
2020-05-16,Bremen,2020-05-16,HB,21.0,1150,257.0,3.075,0.05,13.0,0.0,37,0.0,100.0
2020-05-17,Bremen,2020-05-17,HB,14.0,1164,269.0,2.05,0.032,16.0,0.0,37,0.0,100.0
2020-03-18,Brandenburg,2020-03-18,BB,,92,,,,,,0,,0.0
2020-03-19,Brandenburg,2020-03-19,BB,42.0,134,,1.672,,,0.0,0,0.0,0.0
2020-03-20,Brandenburg,2020-03-20,BB,58.0,192,,2.309,,0.0,0.0,0,0.0,0.0
2020-03-21,Brandenburg,2020-03-21,BB,62.0,254,,2.468,,0.0,0.0,0,0.0,0.0
2020-03-22,Brandenburg,2020-03-22,BB,20.0,274,,0.796,,0.0,0.0,0,0.0,0.0
2020-03-23,Brandenburg,2020-03-23,BB,14.0,288,,0.557,,0.0,0.0,0,0.0,0.0
2020-03-24,Brandenburg,2020-03-24,BB,55.0,343,,2.19,,0.0,0.0,0,0.0,0.0
2020-03-25,Brandenburg,2020-03-25,BB,86.0,429,,3.424,,0.0,0.0,0,0.0,0.0
2020-03-26,Brandenburg,2020-03-26,BB,48.0,477,,1.911,,0.0,1.0,1,0.04,0.0
2020-03-27,Brandenburg,2020-03-27,BB,60.0,537,,2.389,,0.0,0.0,1,0.0,100.0
2020-03-28,Brandenburg,2020-03-28,BB,108.0,645,,4.3,,0.0,0.0,1,0.0,100.0
2020-03-29,Brandenburg,2020-03-29,BB,76.0,721,,3.026,,0.0,0.0,1,0.0,100.0
2020-03-30,Brandenburg,2020-03-30,BB,40.0,761,669.0,1.592,,0.0,1.0,2,0.04,1.0
2020-03-31,Brandenburg,2020-03-31,BB,37.0,798,664.0,1.473,,0.0,0.0,2,0.0,100.0
2020-04-01,Brandenburg,2020-04-01,BB,83.0,881,689.0,3.304,,0.0,2.0,4,0.08,1.0
2020-04-02,Brandenburg,2020-04-02,BB,114.0,995,741.0,4.538,,0.0,3.0,7,0.119,1.239
2020-04-03,Brandenburg,2020-04-03,BB,80.0,1075,801.0,3.185,,0.0,2.0,9,0.08,2.758
2020-04-04,Brandenburg,2020-04-04,BB,136.0,1211,923.0,5.414,,0.0,3.0,12,0.119,2.409
2020-04-05,Brandenburg,2020-04-05,BB,94.0,1305,962.0,3.742,,0.0,5.0,17,0.199,1.99
2020-04-06,Brandenburg,2020-04-06,BB,40.0,1345,916.0,1.592,,0.0,2.0,19,0.08,6.232
2020-04-07,Brandenburg,2020-04-07,BB,39.0,1384,907.0,1.553,,0.0,1.0,20,0.04,13.513
2020-04-08,Brandenburg,2020-04-08,BB,88.0,1472,935.0,3.503,,0.0,2.0,22,0.08,7.272
2020-04-09,Brandenburg,2020-04-09,BB,106.0,1578,933.0,4.22,0.077,2.0,8.0,30,0.318,2.235
2020-04-10,Brandenburg,2020-04-10,BB,113.0,1691,970.0,4.499,0.078,7.0,7.0,37,0.279,3.305
2020-04-11,Brandenburg,2020-04-11,BB,73.0,1764,1003.0,2.906,0.049,11.0,0.0,37,0.0,100.0
2020-04-12,Brandenburg,2020-04-12,BB,93.0,1857,1059.0,3.702,0.062,12.0,1.0,38,0.04,25.992
2020-04-13,Brandenburg,2020-04-13,BB,23.0,1880,999.0,0.916,0.015,21.0,0.0,38,0.0,100.0
2020-04-14,Brandenburg,2020-04-14,BB,36.0,1916,921.0,1.433,0.023,35.0,2.0,40,0.08,13.513
2020-04-15,Brandenburg,2020-04-15,BB,34.0,1950,875.0,1.354,0.022,36.0,2.0,42,0.08,14.207
2020-04-16,Brandenburg,2020-04-16,BB,108.0,2058,847.0,4.3,0.071,26.0,12.0,54,0.478,2.758
2020-04-17,Brandenburg,2020-04-17,BB,62.0,2120,815.0,2.468,0.039,18.0,6.0,60,0.239,6.579
2020-04-18,Brandenburg,2020-04-18,BB,41.0,2161,816.0,1.632,0.026,18.0,2.0,62,0.08,21.139
2020-04-19,Brandenburg,2020-04-19,BB,60.0,2221,837.0,2.389,0.04,23.0,4.0,66,0.159,11.087
2020-04-20,Brandenburg,2020-04-20,BB,17.0,2238,766.0,0.677,0.011,31.0,0.0,66,0.0,100.0
2020-04-21,Brandenburg,2020-04-21,BB,37.0,2275,697.0,1.473,0.025,42.0,1.0,67,0.04,46.093
2020-04-22,Brandenburg,2020-04-22,BB,114.0,2389,698.0,4.538,0.077,32.0,7.0,74,0.279,6.975
2020-04-23,Brandenburg,2020-04-23,BB,58.0,2447,683.0,2.309,0.038,16.0,10.0,84,0.398,5.468
2020-04-24,Brandenburg,2020-04-24,BB,89.0,2536,679.0,3.543,0.061,14.0,6.0,90,0.239,10.047
2020-04-25,Brandenburg,2020-04-25,BB,91.0,2627,747.0,3.623,0.062,13.0,7.0,97,0.279,9.254
2020-04-26,Brandenburg,2020-04-26,BB,67.0,2694,778.0,2.667,0.047,12.0,3.0,100,0.119,22.757
2020-04-27,Brandenburg,2020-04-27,BB,27.0,2721,771.0,1.075,0.019,19.0,0.0,100,0.0,100.0
2020-04-28,Brandenburg,2020-04-28,BB,26.0,2747,689.0,1.035,0.019,31.0,6.0,106,0.239,11.896
2020-04-29,Brandenburg,2020-04-29,BB,21.0,2768,648.0,0.836,0.015,39.0,3.0,109,0.119,24.836
2020-04-30,Brandenburg,2020-04-30,BB,63.0,2831,670.0,2.508,0.049,36.0,4.0,113,0.159,19.233
2020-05-01,Brandenburg,2020-05-01,BB,41.0,2872,651.0,1.632,0.033,24.0,7.0,120,0.279,11.532
2020-05-02,Brandenburg,2020-05-02,BB,14.0,2886,648.0,0.557,0.012,29.0,2.0,122,0.08,41.934
2020-05-03,Brandenburg,2020-05-03,BB,19.0,2905,630.0,0.756,0.017,45.0,0.0,122,0.0,100.0
2020-05-04,Brandenburg,2020-05-04,BB,9.0,2914,525.0,0.358,0.009,56.0,0.0,122,0.0,100.0
2020-05-05,Brandenburg,2020-05-05,BB,26.0,2940,493.0,1.035,0.025,58.0,1.0,123,0.04,84.91
2020-05-06,Brandenburg,2020-05-06,BB,29.0,2969,433.0,1.155,0.028,40.0,4.0,127,0.159,21.659
2020-05-07,Brandenburg,2020-05-07,BB,30.0,2999,372.0,1.194,0.029,25.0,2.0,129,0.08,44.36
2020-05-08,Brandenburg,2020-05-08,BB,38.0,3037,343.0,1.513,0.04,23.0,2.0,131,0.08,45.054
2020-05-09,Brandenburg,2020-05-09,BB,61.0,3098,377.0,2.428,0.067,17.0,2.0,133,0.08,45.747
2020-05-10,Brandenburg,2020-05-10,BB,3.0,3101,354.0,0.119,0.003,35.0,1.0,134,0.04,92.535
2020-05-11,Brandenburg,2020-05-11,BB,5.0,3106,338.0,0.199,0.006,78.0,0.0,134,0.0,100.0
2020-05-12,Brandenburg,2020-05-12,BB,5.0,3111,280.0,0.199,0.006,100.0,2.0,136,0.08,46.787
2020-05-13,Brandenburg,2020-05-13,BB,14.0,3125,253.0,0.557,0.017,85.0,1.0,137,0.04,94.614
2020-05-14,Brandenburg,2020-05-14,BB,10.0,3135,249.0,0.398,0.014,59.0,1.0,138,0.04,95.307
2020-05-15,Brandenburg,2020-05-15,BB,23.0,3158,253.0,0.916,0.033,41.0,10.0,148,0.398,9.908
2020-05-16,Brandenburg,2020-05-16,BB,11.0,3169,255.0,0.438,0.018,33.0,1.0,149,0.04,100.0
2020-05-17,Brandenburg,2020-05-17,BB,2.0,3171,231.0,0.08,0.004,50.0,0.0,149,0.0,100.0
2020-03-18,Berlin,2020-03-18,BE,,391,,,,,,0,,0.0
2020-03-19,Berlin,2020-03-19,BE,182.0,573,,4.993,,,0.0,0,0.0,0.0
2020-03-20,Berlin,2020-03-20,BE,158.0,731,,4.335,,0.0,0.0,0,0.0,0.0
2020-03-21,Berlin,2020-03-21,BE,135.0,866,,3.704,,0.0,1.0,1,0.027,0.0
2020-03-22,Berlin,2020-03-22,BE,158.0,1024,,4.335,,0.0,0.0,1,0.0,100.0
2020-03-23,Berlin,2020-03-23,BE,53.0,1077,,1.454,,0.0,0.0,1,0.0,100.0
2020-03-24,Berlin,2020-03-24,BE,143.0,1220,,3.923,,0.0,0.0,1,0.0,100.0
2020-03-25,Berlin,2020-03-25,BE,208.0,1428,,5.707,,0.0,-1.0,0,-0.027,0.0
2020-03-26,Berlin,2020-03-26,BE,228.0,1656,,6.255,,0.0,4.0,4,0.11,0.0
2020-03-27,Berlin,2020-03-27,BE,299.0,1955,,8.203,,0.0,4.0,8,0.11,1.0
2020-03-28,Berlin,2020-03-28,BE,206.0,2161,,5.652,,0.0,0.0,8,0.0,100.0
2020-03-29,Berlin,2020-03-29,BE,199.0,2360,,5.46,,0.0,1.0,9,0.027,5.885
2020-03-30,Berlin,2020-03-30,BE,104.0,2464,2073.0,2.853,,0.0,2.0,11,0.055,3.454
2020-03-31,Berlin,2020-03-31,BE,111.0,2575,2002.0,3.045,,0.0,2.0,13,0.055,4.149
2020-04-01,Berlin,2020-04-01,BE,179.0,2754,2023.0,4.911,,0.0,3.0,16,0.082,3.338
2020-04-02,Berlin,2020-04-02,BE,216.0,2970,2104.0,5.926,,0.0,3.0,19,0.082,4.033
2020-04-03,Berlin,2020-04-03,BE,232.0,3202,2178.0,6.365,,0.0,1.0,20,0.027,13.513
2020-04-04,Berlin,2020-04-04,BE,269.0,3471,2394.0,7.38,,0.0,2.0,22,0.055,7.272
2020-04-05,Berlin,2020-04-05,BE,142.0,3613,2393.0,3.896,,0.0,2.0,24,0.055,7.966
2020-04-06,Berlin,2020-04-06,BE,57.0,3670,2242.0,1.564,,0.0,2.0,26,0.055,8.66
2020-04-07,Berlin,2020-04-07,BE,175.0,3845,2189.0,4.801,,0.0,2.0,28,0.055,9.353
2020-04-08,Berlin,2020-04-08,BE,183.0,4028,2073.0,5.021,,0.0,4.0,32,0.11,5.191
2020-04-09,Berlin,2020-04-09,BE,174.0,4202,2041.0,4.774,0.048,4.0,5.0,37,0.137,4.774
2020-04-10,Berlin,2020-04-10,BE,147.0,4349,1989.0,4.033,0.041,12.0,5.0,42,0.137,5.468
2020-04-11,Berlin,2020-04-11,BE,109.0,4458,1994.0,2.991,0.03,18.0,4.0,46,0.11,7.619
2020-04-12,Berlin,2020-04-12,BE,109.0,4567,1992.0,2.991,0.03,22.0,4.0,50,0.11,8.313
2020-04-13,Berlin,2020-04-13,BE,34.0,4601,1847.0,0.933,0.01,36.0,1.0,51,0.027,35.003
2020-04-14,Berlin,2020-04-14,BE,67.0,4668,1698.0,1.838,0.019,51.0,5.0,56,0.137,7.411
2020-04-15,Berlin,2020-04-15,BE,54.0,4722,1520.0,1.482,0.016,48.0,6.0,62,0.165,6.81
2020-04-16,Berlin,2020-04-16,BE,126.0,4848,1377.0,3.457,0.038,36.0,12.0,74,0.329,3.918
2020-04-17,Berlin,2020-04-17,BE,97.0,4945,1332.0,2.661,0.03,26.0,10.0,84,0.274,5.468
2020-04-18,Berlin,2020-04-18,BE,121.0,5066,1396.0,3.32,0.04,21.0,7.0,91,0.192,8.66
2020-04-19,Berlin,2020-04-19,BE,93.0,5159,1314.0,2.552,0.032,20.0,1.0,92,0.027,63.422
2020-04-20,Berlin,2020-04-20,BE,37.0,5196,1168.0,1.015,0.013,29.0,2.0,94,0.055,32.23
2020-04-21,Berlin,2020-04-21,BE,41.0,5237,1035.0,1.125,0.015,44.0,3.0,97,0.082,22.063
2020-04-22,Berlin,2020-04-22,BE,75.0,5312,963.0,2.058,0.028,43.0,8.0,105,0.219,8.746
2020-04-23,Berlin,2020-04-23,BE,12.0,5324,866.0,0.329,0.005,49.0,0.0,105,0.0,100.0
2020-04-24,Berlin,2020-04-24,BE,135.0,5459,892.0,3.704,0.057,59.0,7.0,112,0.192,10.74
2020-04-25,Berlin,2020-04-25,BE,66.0,5525,924.0,1.811,0.029,37.0,1.0,113,0.027,77.978
2020-04-26,Berlin,2020-04-26,BE,75.0,5600,932.0,2.058,0.037,20.0,10.0,123,0.274,8.174
2020-04-27,Berlin,2020-04-27,BE,38.0,5638,916.0,1.043,0.019,25.0,2.0,125,0.055,42.974
2020-04-28,Berlin,2020-04-28,BE,31.0,5669,821.0,0.851,0.016,34.0,2.0,127,0.055,43.667
2020-04-29,Berlin,2020-04-29,BE,65.0,5734,789.0,1.783,0.036,36.0,10.0,137,0.274,9.145
2020-04-30,Berlin,2020-04-30,BE,93.0,5827,761.0,2.552,0.055,24.0,10.0,147,0.274,9.839
2020-05-01,Berlin,2020-05-01,BE,60.0,5887,728.0,1.646,0.037,16.0,2.0,149,0.055,51.292
2020-05-02,Berlin,2020-05-02,BE,56.0,5943,747.0,1.536,0.036,18.0,3.0,152,0.082,34.772
2020-05-03,Berlin,2020-05-03,BE,33.0,5976,739.0,0.905,0.022,22.0,2.0,154,0.055,53.025
2020-05-04,Berlin,2020-05-04,BE,34.0,6010,698.0,0.933,0.024,28.0,0.0,154,0.0,100.0
2020-05-05,Berlin,2020-05-05,BE,32.0,6042,718.0,0.878,0.023,30.0,0.0,154,0.0,100.0
2020-05-06,Berlin,2020-05-06,BE,50.0,6092,633.0,1.372,0.036,28.0,5.0,159,0.137,21.694
2020-05-07,Berlin,2020-05-07,BE,57.0,6149,624.0,1.564,0.042,22.0,3.0,162,0.082,37.082
2020-05-08,Berlin,2020-05-08,BE,60.0,6209,609.0,1.646,0.046,17.0,1.0,163,0.027,100.0
2020-05-09,Berlin,2020-05-09,BE,33.0,6242,604.0,0.905,0.026,19.0,1.0,164,0.027,100.0
2020-05-10,Berlin,2020-05-10,BE,19.0,6261,592.0,0.521,0.016,28.0,1.0,165,0.027,100.0
2020-05-11,Berlin,2020-05-11,BE,11.0,6272,538.0,0.302,0.01,46.0,0.0,165,0.0,100.0
2020-05-12,Berlin,2020-05-12,BE,2.0,6274,447.0,0.055,0.002,71.0,0.0,165,0.0,100.0
2020-05-13,Berlin,2020-05-13,BE,24.0,6298,411.0,0.658,0.023,75.0,5.0,170,0.137,23.219
2020-05-14,Berlin,2020-05-14,BE,44.0,6342,399.0,1.207,0.045,44.0,3.0,173,0.082,39.624
2020-05-15,Berlin,2020-05-15,BE,55.0,6397,421.0,1.509,0.054,19.0,4.0,177,0.11,30.324
2020-05-16,Berlin,2020-05-16,BE,31.0,6428,418.0,0.851,0.033,16.0,4.0,181,0.11,31.017
2020-05-17,Berlin,2020-05-17,BE,19.0,6447,405.0,0.521,0.021,22.0,1.0,182,0.027,100.0
2020-03-18,Bavaria,2020-03-18,BY,,1243,,,,,,4,,0.0
2020-03-19,Bavaria,2020-03-19,BY,449.0,1692,,3.434,,,4.0,8,0.031,1.0
2020-03-20,Bavaria,2020-03-20,BY,709.0,2401,,5.422,,0.0,4.0,12,0.031,1.71
2020-03-21,Bavaria,2020-03-21,BY,559.0,2960,,4.275,,0.0,7.0,19,0.054,1.508
2020-03-22,Bavaria,2020-03-22,BY,690.0,3650,,5.277,,0.0,2.0,21,0.015,6.926
2020-03-23,Bavaria,2020-03-23,BY,1242.0,4892,,9.498,,0.0,5.0,26,0.038,3.246
2020-03-24,Bavaria,2020-03-24,BY,862.0,5754,,6.592,,0.0,4.0,30,0.031,4.844
2020-03-25,Bavaria,2020-03-25,BY,804.0,6558,,6.148,,0.0,-30.0,0,-0.229,0.0
2020-03-26,Bavaria,2020-03-26,BY,1435.0,7993,,10.974,,0.0,47.0,47,0.359,0.0
2020-03-27,Bavaria,2020-03-27,BY,1488.0,9481,,11.379,,0.0,8.0,55,0.061,4.41
2020-03-28,Bavaria,2020-03-28,BY,1669.0,11150,,12.763,,0.0,22.0,77,0.168,2.06
2020-03-29,Bavaria,2020-03-29,BY,1731.0,12881,,13.237,,0.0,30.0,107,0.229,2.107
2020-03-30,Bavaria,2020-03-30,BY,1108.0,13989,12746.0,8.473,,0.0,20.0,127,0.153,4.045
2020-03-31,Bavaria,2020-03-31,BY,821.0,14810,13118.0,6.278,,0.0,35.0,162,0.268,2.848
2020-04-01,Bavaria,2020-04-01,BY,1687.0,16497,14096.0,12.901,,0.0,63.0,225,0.482,2.11
2020-04-02,Bavaria,2020-04-02,BY,1999.0,18496,15536.0,15.287,,0.0,43.0,268,0.329,3.963
2020-04-03,Bavaria,2020-04-03,BY,1741.0,20237,16587.0,13.314,,0.0,39.0,307,0.298,5.102
2020-04-04,Bavaria,2020-04-04,BY,1671.0,21908,17016.0,12.778,,0.0,42.0,349,0.321,5.406
2020-04-05,Bavaria,2020-04-05,BY,1938.0,23846,18092.0,14.82,,0.0,47.0,396,0.359,5.486
2020-04-06,Bavaria,2020-04-06,BY,1128.0,24974,18416.0,8.626,,0.0,41.0,437,0.314,7.036
2020-04-07,Bavaria,2020-04-07,BY,1189.0,26163,18170.0,9.093,,0.0,44.0,481,0.336,7.225
2020-04-08,Bavaria,2020-04-08,BY,1401.0,27564,18083.0,10.714,,0.0,83.0,564,0.635,4.354
2020-04-09,Bavaria,2020-04-09,BY,1263.0,28827,17677.0,9.658,0.048,4.0,71.0,635,0.543,5.846
2020-04-10,Bavaria,2020-04-10,BY,1536.0,30363,17482.0,11.746,0.057,11.0,68.0,703,0.52,6.814
2020-04-11,Bavaria,2020-04-11,BY,1090.0,31453,17464.0,8.335,0.039,15.0,44.0,747,0.336,11.418
2020-04-12,Bavaria,2020-04-12,BY,829.0,32282,17472.0,6.34,0.029,18.0,39.0,786,0.298,13.62
2020-04-13,Bavaria,2020-04-13,BY,733.0,33015,16518.0,5.605,0.026,23.0,34.0,820,0.26,16.368
2020-04-14,Bavaria,2020-04-14,BY,554.0,33569,15073.0,4.237,0.02,29.0,52.0,872,0.398,11.273
2020-04-15,Bavaria,2020-04-15,BY,725.0,34294,14057.0,5.544,0.026,31.0,82.0,954,0.627,7.712
2020-04-16,Bavaria,2020-04-16,BY,848.0,35142,13234.0,6.485,0.031,28.0,95.0,1049,0.726,7.302
2020-04-17,Bavaria,2020-04-17,BY,885.0,36027,12181.0,6.768,0.033,24.0,88.0,1137,0.673,8.605
2020-04-18,Bavaria,2020-04-18,BY,854.0,36881,11907.0,6.531,0.032,22.0,61.0,1198,0.466,13.263
2020-04-19,Bavaria,2020-04-19,BY,526.0,37407,11244.0,4.022,0.02,25.0,58.0,1256,0.444,14.661
2020-04-20,Bavaria,2020-04-20,BY,442.0,37849,10285.0,3.38,0.018,32.0,30.0,1286,0.229,29.365
2020-04-21,Bavaria,2020-04-21,BY,461.0,38310,9483.0,3.525,0.019,37.0,50.0,1336,0.382,18.172
2020-04-22,Bavaria,2020-04-22,BY,504.0,38814,8451.0,3.854,0.021,36.0,88.0,1424,0.673,10.866
2020-04-23,Bavaria,2020-04-23,BY,581.0,39395,7942.0,4.443,0.026,32.0,52.0,1476,0.398,19.326
2020-04-24,Bavaria,2020-04-24,BY,544.0,39939,7657.0,4.16,0.026,28.0,49.0,1525,0.375,21.224
2020-04-25,Bavaria,2020-04-25,BY,608.0,40547,7532.0,4.649,0.031,26.0,41.0,1566,0.314,26.127
2020-04-26,Bavaria,2020-04-26,BY,365.0,40912,7343.0,2.791,0.02,27.0,30.0,1596,0.229,36.528
2020-04-27,Bavaria,2020-04-27,BY,158.0,41070,6776.0,1.208,0.009,42.0,25.0,1621,0.191,44.596
2020-04-28,Bavaria,2020-04-28,BY,336.0,41406,6264.0,2.569,0.021,55.0,60.0,1681,0.459,19.071
2020-04-29,Bavaria,2020-04-29,BY,424.0,41830,5803.0,3.242,0.028,42.0,73.0,1754,0.558,16.305
2020-04-30,Bavaria,2020-04-30,BY,250.0,42080,5199.0,1.912,0.018,31.0,45.0,1799,0.344,27.362
2020-05-01,Bavaria,2020-05-01,BY,409.0,42489,5082.0,3.128,0.031,32.0,51.0,1850,0.39,24.795
2020-05-02,Bavaria,2020-05-02,BY,169.0,42658,4809.0,1.292,0.014,34.0,35.0,1885,0.268,36.983
2020-05-03,Bavaria,2020-05-03,BY,134.0,42792,4482.0,1.025,0.012,45.0,25.0,1910,0.191,52.609
2020-05-04,Bavaria,2020-05-04,BY,205.0,42997,4183.0,1.568,0.02,51.0,16.0,1926,0.122,83.09
2020-05-05,Bavaria,2020-05-05,BY,165.0,43162,3767.0,1.262,0.017,43.0,23.0,1949,0.176,58.389
2020-05-06,Bavaria,2020-05-06,BY,209.0,43371,3432.0,1.598,0.022,38.0,52.0,2001,0.398,26.325
2020-05-07,Bavaria,2020-05-07,BY,287.0,43658,3111.0,2.195,0.032,32.0,49.0,2050,0.375,28.651
2020-05-08,Bavaria,2020-05-08,BY,247.0,43905,2993.0,1.889,0.029,25.0,64.0,2114,0.489,22.547
2020-05-09,Bavaria,2020-05-09,BY,264.0,44169,3099.0,2.019,0.034,23.0,33.0,2147,0.252,44.749
2020-05-10,Bavaria,2020-05-10,BY,96.0,44265,2859.0,0.734,0.013,30.0,6.0,2153,0.046,100.0
2020-05-11,Bavaria,2020-05-11,BY,103.0,44368,2538.0,0.788,0.015,43.0,2.0,2155,0.015,100.0
2020-05-12,Bavaria,2020-05-12,BY,225.0,44593,2513.0,1.721,0.035,42.0,27.0,2182,0.206,55.669
2020-05-13,Bavaria,2020-05-13,BY,209.0,44802,2313.0,1.598,0.033,27.0,27.0,2209,0.206,56.362
2020-05-14,Bavaria,2020-05-14,BY,178.0,44980,2322.0,1.361,0.03,22.0,20.0,2229,0.153,76.904
2020-05-15,Bavaria,2020-05-15,BY,163.0,45143,2351.0,1.246,0.029,23.0,31.0,2260,0.237,50.185
2020-05-16,Bavaria,2020-05-16,BY,197.0,45340,2343.0,1.506,0.038,23.0,13.0,2273,0.099,100.0
2020-05-17,Bavaria,2020-05-17,BY,87.0,45427,2265.0,0.665,0.018,25.0,10.0,2283,0.076,100.0
2020-03-18,Mecklenburg-Western Pomerania,2020-03-18,MV,,56,,,,,,0,,0.0
2020-03-19,Mecklenburg-Western Pomerania,2020-03-19,MV,42.0,98,,2.609,,,0.0,0,0.0,0.0
2020-03-20,Mecklenburg-Western Pomerania,2020-03-20,MV,33.0,131,,2.05,,0.0,0.0,0,0.0,0.0
2020-03-21,Mecklenburg-Western Pomerania,2020-03-21,MV,34.0,165,,2.112,,0.0,0.0,0,0.0,0.0
2020-03-22,Mecklenburg-Western Pomerania,2020-03-22,MV,7.0,172,,0.435,,0.0,0.0,0,0.0,0.0
2020-03-23,Mecklenburg-Western Pomerania,2020-03-23,MV,0.0,172,,0.0,,0.0,0.0,0,0.0,0.0
2020-03-24,Mecklenburg-Western Pomerania,2020-03-24,MV,27.0,199,,1.677,,0.0,0.0,0,0.0,0.0
2020-03-25,Mecklenburg-Western Pomerania,2020-03-25,MV,19.0,218,,1.18,,0.0,0.0,0,0.0,0.0
2020-03-26,Mecklenburg-Western Pomerania,2020-03-26,MV,26.0,244,,1.615,,0.0,0.0,0,0.0,0.0
2020-03-27,Mecklenburg-Western Pomerania,2020-03-27,MV,15.0,259,,0.932,,0.0,0.0,0,0.0,0.0
2020-03-28,Mecklenburg-Western Pomerania,2020-03-28,MV,49.0,308,,3.044,,0.0,0.0,0,0.0,0.0
2020-03-29,Mecklenburg-Western Pomerania,2020-03-29,MV,40.0,348,,2.485,,0.0,1.0,1,0.062,0.0
2020-03-30,Mecklenburg-Western Pomerania,2020-03-30,MV,8.0,356,300.0,0.497,,0.0,0.0,1,0.0,100.0
2020-03-31,Mecklenburg-Western Pomerania,2020-03-31,MV,10.0,366,268.0,0.621,,0.0,0.0,1,0.0,100.0
2020-04-01,Mecklenburg-Western Pomerania,2020-04-01,MV,40.0,406,275.0,2.485,,0.0,2.0,3,0.124,0.631
2020-04-02,Mecklenburg-Western Pomerania,2020-04-02,MV,32.0,438,273.0,1.988,,0.0,0.0,3,0.0,100.0
2020-04-03,Mecklenburg-Western Pomerania,2020-04-03,MV,30.0,468,296.0,1.864,,0.0,1.0,4,0.062,2.409
2020-04-04,Mecklenburg-Western Pomerania,2020-04-04,MV,33.0,501,329.0,2.05,,0.0,1.0,5,0.062,3.106
2020-04-05,Mecklenburg-Western Pomerania,2020-04-05,MV,22.0,523,324.0,1.367,,0.0,0.0,5,0.0,100.0
2020-04-06,Mecklenburg-Western Pomerania,2020-04-06,MV,5.0,528,310.0,0.311,,0.0,1.0,6,0.062,3.802
2020-04-07,Mecklenburg-Western Pomerania,2020-04-07,MV,3.0,531,287.0,0.186,,0.0,2.0,8,0.124,2.409
2020-04-08,Mecklenburg-Western Pomerania,2020-04-08,MV,24.0,555,296.0,1.491,,0.0,3.0,11,0.186,2.177
2020-04-09,Mecklenburg-Western Pomerania,2020-04-09,MV,17.0,572,264.0,1.056,0.034,5.0,0.0,11,0.0,100.0
2020-04-10,Mecklenburg-Western Pomerania,2020-04-10,MV,14.0,586,238.0,0.87,0.03,16.0,0.0,11,0.0,100.0
2020-04-11,Mecklenburg-Western Pomerania,2020-04-11,MV,15.0,601,245.0,0.932,0.033,22.0,0.0,11,0.0,100.0
2020-04-12,Mecklenburg-Western Pomerania,2020-04-12,MV,4.0,605,239.0,0.248,0.009,36.0,0.0,11,0.0,100.0
2020-04-13,Mecklenburg-Western Pomerania,2020-04-13,MV,13.0,618,212.0,0.808,0.03,49.0,0.0,11,0.0,100.0
2020-04-14,Mecklenburg-Western Pomerania,2020-04-14,MV,1.0,619,181.0,0.062,0.002,56.0,0.0,11,0.0,100.0
2020-04-15,Mecklenburg-Western Pomerania,2020-04-15,MV,5.0,624,156.0,0.311,0.012,71.0,0.0,11,0.0,100.0
2020-04-16,Mecklenburg-Western Pomerania,2020-04-16,MV,10.0,634,133.0,0.621,0.025,61.0,2.0,13,0.124,4.149
2020-04-17,Mecklenburg-Western Pomerania,2020-04-17,MV,0.0,634,111.0,0.0,0.0,54.0,0.0,13,0.0,100.0
2020-04-18,Mecklenburg-Western Pomerania,2020-04-18,MV,11.0,645,117.0,0.683,0.029,63.0,1.0,14,0.062,9.353
2020-04-19,Mecklenburg-Western Pomerania,2020-04-19,MV,6.0,651,120.0,0.373,0.018,47.0,1.0,15,0.062,10.047
2020-04-20,Mecklenburg-Western Pomerania,2020-04-20,MV,2.0,653,98.0,0.124,0.007,51.0,0.0,15,0.0,100.0
2020-04-21,Mecklenburg-Western Pomerania,2020-04-21,MV,2.0,655,83.0,0.124,0.007,85.0,0.0,15,0.0,100.0
2020-04-22,Mecklenburg-Western Pomerania,2020-04-22,MV,1.0,656,70.0,0.062,0.003,100.0,0.0,15,0.0,100.0
2020-04-23,Mecklenburg-Western Pomerania,2020-04-23,MV,3.0,659,58.0,0.186,0.012,90.0,0.0,15,0.0,100.0
2020-04-24,Mecklenburg-Western Pomerania,2020-04-24,MV,2.0,661,56.0,0.124,0.009,73.0,1.0,16,0.062,10.74
2020-04-25,Mecklenburg-Western Pomerania,2020-04-25,MV,6.0,667,49.0,0.373,0.031,59.0,0.0,16,0.0,100.0
2020-04-26,Mecklenburg-Western Pomerania,2020-04-26,MV,6.0,673,54.0,0.373,0.036,35.0,0.0,16,0.0,100.0
2020-04-27,Mecklenburg-Western Pomerania,2020-04-27,MV,1.0,674,50.0,0.062,0.007,40.0,0.0,16,0.0,100.0
2020-04-28,Mecklenburg-Western Pomerania,2020-04-28,MV,1.0,675,41.0,0.062,0.007,80.0,1.0,17,0.062,11.433
2020-04-29,Mecklenburg-Western Pomerania,2020-04-29,MV,12.0,687,53.0,0.745,0.083,77.0,0.0,17,0.0,100.0
2020-04-30,Mecklenburg-Western Pomerania,2020-04-30,MV,3.0,690,45.0,0.186,0.023,37.0,0.0,17,0.0,100.0
2020-05-01,Mecklenburg-Western Pomerania,2020-05-01,MV,3.0,693,42.0,0.186,0.025,24.0,1.0,18,0.062,12.127
2020-05-02,Mecklenburg-Western Pomerania,2020-05-02,MV,2.0,695,42.0,0.124,0.019,31.0,0.0,18,0.0,100.0
2020-05-03,Mecklenburg-Western Pomerania,2020-05-03,MV,3.0,698,43.0,0.186,0.032,31.0,0.0,18,0.0,100.0
2020-05-04,Mecklenburg-Western Pomerania,2020-05-04,MV,1.0,699,43.0,0.062,0.011,37.0,0.0,18,0.0,100.0
2020-05-05,Mecklenburg-Western Pomerania,2020-05-05,MV,4.0,703,44.0,0.248,0.049,42.0,1.0,19,0.062,12.82
2020-05-06,Mecklenburg-Western Pomerania,2020-05-06,MV,8.0,711,50.0,0.497,0.095,25.0,0.0,19,0.0,100.0
2020-05-07,Mecklenburg-Western Pomerania,2020-05-07,MV,4.0,715,48.0,0.248,0.046,11.0,0.0,19,0.0,100.0
2020-05-08,Mecklenburg-Western Pomerania,2020-05-08,MV,3.0,718,45.0,0.186,0.037,14.0,0.0,19,0.0,100.0
2020-05-09,Mecklenburg-Western Pomerania,2020-05-09,MV,4.0,722,48.0,0.248,0.048,17.0,0.0,19,0.0,100.0
2020-05-10,Mecklenburg-Western Pomerania,2020-05-10,MV,4.0,726,51.0,0.248,0.052,16.0,0.0,19,0.0,100.0
2020-05-11,Mecklenburg-Western Pomerania,2020-05-11,MV,2.0,728,41.0,0.124,0.027,17.0,0.0,19,0.0,100.0
2020-05-12,Mecklenburg-Western Pomerania,2020-05-12,MV,1.0,729,39.0,0.062,0.013,30.0,1.0,20,0.062,13.513
2020-05-13,Mecklenburg-Western Pomerania,2020-05-13,MV,7.0,736,43.0,0.435,0.095,35.0,0.0,20,0.0,100.0
2020-05-14,Mecklenburg-Western Pomerania,2020-05-14,MV,3.0,739,44.0,0.186,0.038,22.0,0.0,20,0.0,100.0
2020-05-15,Mecklenburg-Western Pomerania,2020-05-15,MV,1.0,740,42.0,0.062,0.012,25.0,0.0,20,0.0,100.0
2020-05-16,Mecklenburg-Western Pomerania,2020-05-16,MV,6.0,746,47.0,0.373,0.076,35.0,0.0,20,0.0,100.0
2020-05-17,Mecklenburg-Western Pomerania,2020-05-17,MV,2.0,748,45.0,0.124,0.025,26.0,0.0,20,0.0,100.0
2020-03-18,Thuringia,2020-03-18,TH,,74,,,,,,0,,0.0
2020-03-19,Thuringia,2020-03-19,TH,24.0,98,,1.12,,,0.0,0,0.0,0.0
2020-03-20,Thuringia,2020-03-20,TH,51.0,149,,2.38,,0.0,0.0,0,0.0,0.0
2020-03-21,Thuringia,2020-03-21,TH,38.0,187,,1.773,,0.0,0.0,0,0.0,0.0
2020-03-22,Thuringia,2020-03-22,TH,29.0,216,,1.353,,0.0,0.0,0,0.0,0.0
2020-03-23,Thuringia,2020-03-23,TH,33.0,249,,1.54,,0.0,0.0,0,0.0,0.0
2020-03-24,Thuringia,2020-03-24,TH,78.0,327,,3.64,,0.0,1.0,1,0.047,0.0
2020-03-25,Thuringia,2020-03-25,TH,67.0,394,,3.126,,0.0,-1.0,0,-0.047,0.0
2020-03-26,Thuringia,2020-03-26,TH,74.0,468,,3.453,,0.0,3.0,3,0.14,0.0
2020-03-27,Thuringia,2020-03-27,TH,74.0,542,,3.453,,0.0,1.0,4,0.047,2.409
2020-03-28,Thuringia,2020-03-28,TH,42.0,584,,1.96,,0.0,1.0,5,0.047,3.106
2020-03-29,Thuringia,2020-03-29,TH,113.0,697,,5.273,,0.0,0.0,5,0.0,100.0
2020-03-30,Thuringia,2020-03-30,TH,22.0,719,645.0,1.027,,0.0,0.0,5,0.0,100.0
2020-03-31,Thuringia,2020-03-31,TH,65.0,784,686.0,3.033,,0.0,1.0,6,0.047,3.802
2020-04-01,Thuringia,2020-04-01,TH,76.0,860,711.0,3.546,,0.0,0.0,6,0.0,100.0
2020-04-02,Thuringia,2020-04-02,TH,65.0,925,738.0,3.033,,0.0,1.0,7,0.047,4.497
2020-04-03,Thuringia,2020-04-03,TH,57.0,982,766.0,2.66,,0.0,2.0,9,0.093,2.758
2020-04-04,Thuringia,2020-04-04,TH,90.0,1072,823.0,4.2,,0.0,1.0,10,0.047,6.579
2020-04-05,Thuringia,2020-04-05,TH,68.0,1140,813.0,3.173,,0.0,0.0,10,0.0,100.0
2020-04-06,Thuringia,2020-04-06,TH,36.0,1176,782.0,1.68,,0.0,2.0,12,0.093,3.802
2020-04-07,Thuringia,2020-04-07,TH,32.0,1208,740.0,1.493,,0.0,6.0,18,0.28,1.71
2020-04-08,Thuringia,2020-04-08,TH,77.0,1285,743.0,3.593,,0.0,2.0,20,0.093,6.579
2020-04-09,Thuringia,2020-04-09,TH,66.0,1351,767.0,3.08,0.055,3.0,0.0,20,0.0,100.0
2020-04-10,Thuringia,2020-04-10,TH,65.0,1416,719.0,3.033,0.052,10.0,4.0,24,0.187,3.802
2020-04-11,Thuringia,2020-04-11,TH,19.0,1435,716.0,0.887,0.015,22.0,1.0,25,0.047,16.98
2020-04-12,Thuringia,2020-04-12,TH,29.0,1464,680.0,1.353,0.023,34.0,0.0,25,0.0,100.0
2020-04-13,Thuringia,2020-04-13,TH,21.0,1485,625.0,0.98,0.017,37.0,2.0,27,0.093,9.006
2020-04-14,Thuringia,2020-04-14,TH,19.0,1504,579.0,0.887,0.015,40.0,4.0,31,0.187,5.017
2020-04-15,Thuringia,2020-04-15,TH,46.0,1550,568.0,2.146,0.039,38.0,7.0,38,0.327,3.404
2020-04-16,Thuringia,2020-04-16,TH,51.0,1601,529.0,2.38,0.044,24.0,7.0,45,0.327,4.1
2020-04-17,Thuringia,2020-04-17,TH,81.0,1682,542.0,3.78,0.071,15.0,4.0,49,0.187,8.14
2020-04-18,Thuringia,2020-04-18,TH,35.0,1717,541.0,1.633,0.031,15.0,1.0,50,0.047,34.31
2020-04-19,Thuringia,2020-04-19,TH,39.0,1756,548.0,1.82,0.034,19.0,3.0,53,0.14,11.896
2020-04-20,Thuringia,2020-04-20,TH,29.0,1785,500.0,1.353,0.027,22.0,0.0,53,0.0,100.0
2020-04-21,Thuringia,2020-04-21,TH,13.0,1798,447.0,0.607,0.012,32.0,2.0,55,0.093,18.713
2020-04-22,Thuringia,2020-04-22,TH,74.0,1872,456.0,3.453,0.073,37.0,16.0,71,0.747,2.714
2020-04-23,Thuringia,2020-04-23,TH,60.0,1932,497.0,2.8,0.059,22.0,-10.0,61,-0.467,0.0
2020-04-24,Thuringia,2020-04-24,TH,91.0,2023,559.0,4.246,0.09,10.0,4.0,65,0.187,10.913
2020-04-25,Thuringia,2020-04-25,TH,35.0,2058,573.0,1.633,0.034,12.0,6.0,71,0.28,7.851
2020-04-26,Thuringia,2020-04-26,TH,40.0,2098,594.0,1.866,0.041,17.0,2.0,73,0.093,24.952
2020-04-27,Thuringia,2020-04-27,TH,22.0,2120,570.0,1.027,0.023,22.0,1.0,74,0.047,50.946
2020-04-28,Thuringia,2020-04-28,TH,24.0,2144,543.0,1.12,0.025,27.0,4.0,78,0.187,13.167
2020-04-29,Thuringia,2020-04-29,TH,26.0,2170,488.0,1.213,0.028,28.0,2.0,80,0.093,27.378
2020-04-30,Thuringia,2020-04-30,TH,84.0,2254,537.0,3.92,0.095,21.0,5.0,85,0.233,11.433
2020-05-01,Thuringia,2020-05-01,TH,69.0,2323,567.0,3.22,0.076,12.0,8.0,93,0.373,7.706
2020-05-02,Thuringia,2020-05-02,TH,12.0,2335,550.0,0.56,0.013,20.0,0.0,93,0.0,100.0
2020-05-03,Thuringia,2020-05-03,TH,10.0,2345,547.0,0.467,0.011,44.0,0.0,93,0.0,100.0
2020-05-04,Thuringia,2020-05-04,TH,10.0,2355,483.0,0.467,0.011,60.0,3.0,96,0.14,21.832
2020-05-05,Thuringia,2020-05-05,TH,37.0,2392,460.0,1.726,0.043,51.0,3.0,99,0.14,22.526
2020-05-06,Thuringia,2020-05-06,TH,37.0,2429,406.0,1.726,0.042,28.0,5.0,104,0.233,14.068
2020-05-07,Thuringia,2020-05-07,TH,23.0,2452,394.0,1.073,0.026,19.0,5.0,109,0.233,14.761
2020-05-08,Thuringia,2020-05-08,TH,60.0,2512,414.0,2.8,0.071,20.0,3.0,112,0.14,25.529
2020-05-09,Thuringia,2020-05-09,TH,21.0,2533,413.0,0.98,0.025,19.0,3.0,115,0.14,26.222
2020-05-10,Thuringia,2020-05-10,TH,23.0,2556,412.0,1.073,0.028,23.0,2.0,117,0.093,40.202
2020-05-11,Thuringia,2020-05-11,TH,29.0,2585,415.0,1.353,0.036,24.0,1.0,118,0.047,81.444
2020-05-12,Thuringia,2020-05-12,TH,9.0,2594,340.0,0.42,0.011,31.0,0.0,118,0.0,100.0
2020-05-13,Thuringia,2020-05-13,TH,28.0,2622,299.0,1.307,0.035,41.0,8.0,126,0.373,10.567
2020-05-14,Thuringia,2020-05-14,TH,30.0,2652,317.0,1.4,0.04,30.0,5.0,131,0.233,17.812
2020-05-15,Thuringia,2020-05-15,TH,29.0,2681,336.0,1.353,0.04,18.0,4.0,135,0.187,23.045
2020-05-16,Thuringia,2020-05-16,TH,30.0,2711,356.0,1.4,0.046,17.0,2.0,137,0.093,47.133
2020-05-17,Thuringia,2020-05-17,TH,14.0,2725,333.0,0.653,0.021,20.0,1.0,138,0.047,95.307
2020-03-18,Baden-Wuerttemberg,2020-03-18,BW,,1609,,,,,,2,,0.0
2020-03-19,Baden-Wuerttemberg,2020-03-19,BW,546.0,2155,,4.932,,,4.0,6,0.036,0.631
2020-03-20,Baden-Wuerttemberg,2020-03-20,BW,591.0,2746,,5.339,,0.0,4.0,10,0.036,1.357
2020-03-21,Baden-Wuerttemberg,2020-03-21,BW,922.0,3668,,8.329,,0.0,6.0,16,0.054,1.475
2020-03-22,Baden-Wuerttemberg,2020-03-22,BW,139.0,3807,,1.256,,0.0,5.0,21,0.045,2.549
2020-03-23,Baden-Wuerttemberg,2020-03-23,BW,4.0,3811,,0.036,,0.0,0.0,21,0.0,100.0
2020-03-24,Baden-Wuerttemberg,2020-03-24,BW,1537.0,5348,,13.885,,0.0,9.0,30,0.081,1.943
2020-03-25,Baden-Wuerttemberg,2020-03-25,BW,721.0,6069,,6.513,,0.0,-30.0,0,-0.271,0.0
2020-03-26,Baden-Wuerttemberg,2020-03-26,BW,1214.0,7283,,10.967,,0.0,56.0,56,0.506,0.0
2020-03-27,Baden-Wuerttemberg,2020-03-27,BW,878.0,8161,,7.932,,0.0,14.0,70,0.126,3.106
2020-03-28,Baden-Wuerttemberg,2020-03-28,BW,1620.0,9781,,14.635,,0.0,31.0,101,0.28,1.891
2020-03-29,Baden-Wuerttemberg,2020-03-29,BW,13.0,9794,,0.117,,0.0,0.0,101,0.0,100.0
2020-03-30,Baden-Wuerttemberg,2020-03-30,BW,1149.0,10943,9334.0,10.38,,0.0,18.0,119,0.163,4.226
2020-03-31,Baden-Wuerttemberg,2020-03-31,BW,1391.0,12334,10179.0,12.566,,0.0,46.0,165,0.416,2.121
2020-04-01,Baden-Wuerttemberg,2020-04-01,BW,1076.0,13410,10664.0,9.72,,0.0,32.0,197,0.289,3.91
2020-04-02,Baden-Wuerttemberg,2020-04-02,BW,1252.0,14662,10994.0,11.31,,0.0,44.0,241,0.397,3.438
2020-04-03,Baden-Wuerttemberg,2020-04-03,BW,1397.0,16059,12252.0,12.62,,0.0,44.0,285,0.397,4.133
2020-04-04,Baden-Wuerttemberg,2020-04-04,BW,955.0,17014,13203.0,8.627,,0.0,31.0,316,0.28,6.713
2020-04-05,Baden-Wuerttemberg,2020-04-05,BW,1600.0,18614,13266.0,14.454,,0.0,51.0,367,0.461,4.633
2020-04-06,Baden-Wuerttemberg,2020-04-06,BW,781.0,19395,13326.0,7.055,,0.0,20.0,387,0.181,13.063
2020-04-07,Baden-Wuerttemberg,2020-04-07,BW,746.0,20141,12858.0,6.739,,0.0,46.0,433,0.416,6.172
2020-04-08,Baden-Wuerttemberg,2020-04-08,BW,539.0,20680,12519.0,4.869,,0.0,31.0,464,0.28,10.024
2020-04-09,Baden-Wuerttemberg,2020-04-09,BW,923.0,21603,11822.0,8.338,0.048,4.0,55.0,519,0.497,6.188
2020-04-10,Baden-Wuerttemberg,2020-04-10,BW,830.0,22433,12639.0,7.498,0.043,11.0,51.0,570,0.461,7.395
2020-04-11,Baden-Wuerttemberg,2020-04-11,BW,1184.0,23617,12674.0,10.696,0.06,15.0,52.0,622,0.47,7.94
2020-04-12,Baden-Wuerttemberg,2020-04-12,BW,461.0,24078,11744.0,4.165,0.023,18.0,27.0,649,0.244,16.312
2020-04-13,Baden-Wuerttemberg,2020-04-13,BW,492.0,24570,11160.0,4.445,0.024,25.0,28.0,677,0.253,16.41
2020-04-14,Baden-Wuerttemberg,2020-04-14,BW,470.0,25040,10378.0,4.246,0.023,30.0,34.0,711,0.307,14.146
2020-04-15,Baden-Wuerttemberg,2020-04-15,BW,398.0,25438,9379.0,3.595,0.02,31.0,56.0,767,0.506,9.143
2020-04-16,Baden-Wuerttemberg,2020-04-16,BW,443.0,25881,8867.0,4.002,0.023,33.0,35.0,802,0.316,15.534
2020-04-17,Baden-Wuerttemberg,2020-04-17,BW,662.0,26543,7929.0,5.98,0.036,29.0,70.0,872,0.632,8.283
2020-04-18,Baden-Wuerttemberg,2020-04-18,BW,715.0,27258,7863.0,6.459,0.039,22.0,47.0,919,0.425,13.204
2020-04-19,Baden-Wuerttemberg,2020-04-19,BW,625.0,27883,7742.0,5.646,0.036,19.0,49.0,968,0.443,13.344
2020-04-20,Baden-Wuerttemberg,2020-04-20,BW,370.0,28253,7573.0,3.343,0.02,23.0,14.0,982,0.126,48.272
2020-04-21,Baden-Wuerttemberg,2020-04-21,BW,459.0,28712,7109.0,4.147,0.027,29.0,49.0,1031,0.443,14.235
2020-04-22,Baden-Wuerttemberg,2020-04-22,BW,186.0,28898,6465.0,1.68,0.011,37.0,32.0,1063,0.289,22.677
2020-04-23,Baden-Wuerttemberg,2020-04-23,BW,545.0,29443,5826.0,4.923,0.035,42.0,50.0,1113,0.452,15.08
2020-04-24,Baden-Wuerttemberg,2020-04-24,BW,349.0,29792,5714.0,3.153,0.024,33.0,40.0,1153,0.361,19.631
2020-04-25,Baden-Wuerttemberg,2020-04-25,BW,377.0,30169,5599.0,3.406,0.027,26.0,36.0,1189,0.325,22.545
2020-04-26,Baden-Wuerttemberg,2020-04-26,BW,592.0,30761,5721.0,5.348,0.045,24.0,48.0,1237,0.434,17.514
2020-04-27,Baden-Wuerttemberg,2020-04-27,BW,282.0,31043,5605.0,2.548,0.023,22.0,12.0,1249,0.108,71.798
2020-04-28,Baden-Wuerttemberg,2020-04-28,BW,153.0,31196,5315.0,1.382,0.013,32.0,20.0,1269,0.181,43.633
2020-04-29,Baden-Wuerttemberg,2020-04-29,BW,140.0,31336,4793.0,1.265,0.013,48.0,30.0,1299,0.271,29.665
2020-04-30,Baden-Wuerttemberg,2020-04-30,BW,273.0,31609,4351.0,2.466,0.026,48.0,54.0,1353,0.488,17.018
2020-05-01,Baden-Wuerttemberg,2020-05-01,BW,310.0,31919,4036.0,2.8,0.031,33.0,32.0,1385,0.289,29.652
2020-05-02,Baden-Wuerttemberg,2020-05-02,BW,227.0,32146,3893.0,2.051,0.024,26.0,17.0,1402,0.154,56.817
2020-05-03,Baden-Wuerttemberg,2020-05-03,BW,145.0,32291,3579.0,1.31,0.017,31.0,10.0,1412,0.09,97.525
2020-05-04,Baden-Wuerttemberg,2020-05-04,BW,120.0,32411,3513.0,1.084,0.015,40.0,9.0,1421,0.081,100.0
2020-05-05,Baden-Wuerttemberg,2020-05-05,BW,71.0,32482,3039.0,0.641,0.009,53.0,31.0,1452,0.28,32.118
2020-05-06,Baden-Wuerttemberg,2020-05-06,BW,94.0,32576,2784.0,0.849,0.013,64.0,29.0,1481,0.262,35.051
2020-05-07,Baden-Wuerttemberg,2020-05-07,BW,186.0,32762,2593.0,1.68,0.026,54.0,16.0,1497,0.145,64.505
2020-05-08,Baden-Wuerttemberg,2020-05-08,BW,136.0,32898,2137.0,1.229,0.02,36.0,18.0,1515,0.163,57.993
2020-05-09,Baden-Wuerttemberg,2020-05-09,BW,207.0,33105,2062.0,1.87,0.033,30.0,19.0,1534,0.172,55.615
2020-05-10,Baden-Wuerttemberg,2020-05-10,BW,182.0,33287,2091.0,1.644,0.031,25.0,8.0,1542,0.072,100.0
2020-05-11,Baden-Wuerttemberg,2020-05-11,BW,-97.0,33190,1854.0,-0.876,-0.018,17.0,3.0,1545,0.027,100.0
2020-05-12,Baden-Wuerttemberg,2020-05-12,BW,169.0,33359,1750.0,1.527,0.034,11.0,23.0,1568,0.208,46.907
2020-05-13,Baden-Wuerttemberg,2020-05-13,BW,159.0,33518,1599.0,1.436,0.034,15.0,26.0,1594,0.235,42.148
2020-05-14,Baden-Wuerttemberg,2020-05-14,BW,152.0,33670,1524.0,1.373,0.033,21.0,14.0,1608,0.126,79.266
2020-05-15,Baden-Wuerttemberg,2020-05-15,BW,181.0,33851,1560.0,1.635,0.043,20.0,20.0,1628,0.181,56.075
2020-05-16,Baden-Wuerttemberg,2020-05-16,BW,42.0,33893,1482.0,0.379,0.01,30.0,16.0,1644,0.145,70.874
2020-05-17,Baden-Wuerttemberg,2020-05-17,BW,57.0,33950,1468.0,0.515,0.015,49.0,4.0,1648,0.036,100.0
